{
  "_format": "hh-sol-cache-2",
  "files": {
    "E:\\workspace\\Open-protocol\\contracts\\libraries\\AppStorageOpen.sol": {
      "lastModificationDate": 1643779466958,
      "contentHash": "fd8e988d98264976a9135eb2fe9793e9",
      "sourceName": "contracts/libraries/AppStorageOpen.sol",
      "solcConfig": {
        "version": "0.8.1",
        "settings": {
          "optimizer": {
            "enabled": true,
            "runs": 200
          },
          "outputSelection": {
            "*": {
              "*": [
                "abi",
                "evm.bytecode",
                "evm.deployedBytecode",
                "evm.methodIdentifiers",
                "metadata"
              ],
              "": [
                "ast"
              ]
            }
          }
        }
      },
      "imports": [
        "../util/Address.sol",
        "../interfaces/ILoan.sol",
        "../util/IBEP20.sol"
      ],
      "versionPragmas": [
        "0.8.1"
      ],
      "artifacts": []
    },
    "E:\\workspace\\Open-protocol\\contracts\\AccesRegistry.sol": {
      "lastModificationDate": 1643793138496,
      "contentHash": "3ff849a029a0400b2e5c03c53689ffbb",
      "sourceName": "contracts/AccesRegistry.sol",
      "solcConfig": {
        "version": "0.8.1",
        "settings": {
          "optimizer": {
            "enabled": true,
            "runs": 200
          },
          "outputSelection": {
            "*": {
              "*": [
                "abi",
                "evm.bytecode",
                "evm.deployedBytecode",
                "evm.methodIdentifiers",
                "metadata"
              ],
              "": [
                "ast"
              ]
            }
          }
        }
      },
      "imports": [
        "./util/Pausable.sol",
        "./interfaces/IAccessRegistry.sol",
        "hardhat/console.sol"
      ],
      "versionPragmas": [
        "0.8.1"
      ],
      "artifacts": [
        "AccessRegistry"
      ]
    },
    "E:\\workspace\\Open-protocol\\contracts\\util\\Pausable.sol": {
      "lastModificationDate": 1640880987743,
      "contentHash": "041780d90c6ab23766d3e9f0aa27f9f7",
      "sourceName": "contracts/util/Pausable.sol",
      "solcConfig": {
        "version": "0.8.1",
        "settings": {
          "optimizer": {
            "enabled": true,
            "runs": 200
          },
          "outputSelection": {
            "*": {
              "*": [
                "abi",
                "evm.bytecode",
                "evm.deployedBytecode",
                "evm.methodIdentifiers",
                "metadata"
              ],
              "": [
                "ast"
              ]
            }
          }
        }
      },
      "imports": [
        "./Context.sol"
      ],
      "versionPragmas": [
        "0.8.1"
      ],
      "artifacts": [
        "Pausable"
      ]
    },
    "E:\\workspace\\Open-protocol\\contracts\\interfaces\\IAccessRegistry.sol": {
      "lastModificationDate": 1643441697480,
      "contentHash": "5128b03817f52ba57c204b6d3e2c037f",
      "sourceName": "contracts/interfaces/IAccessRegistry.sol",
      "solcConfig": {
        "version": "0.8.1",
        "settings": {
          "optimizer": {
            "enabled": true,
            "runs": 200
          },
          "outputSelection": {
            "*": {
              "*": [
                "abi",
                "evm.bytecode",
                "evm.deployedBytecode",
                "evm.methodIdentifiers",
                "metadata"
              ],
              "": [
                "ast"
              ]
            }
          }
        }
      },
      "imports": [],
      "versionPragmas": [
        "0.8.1"
      ],
      "artifacts": [
        "IAccessRegistry"
      ]
    },
    "E:\\workspace\\Open-protocol\\node_modules\\hardhat\\console.sol": {
      "lastModificationDate": 1643825992912,
      "contentHash": "cc4777addd464ea56fa35b1c45df0591",
      "sourceName": "hardhat/console.sol",
      "solcConfig": {
        "version": "0.8.1",
        "settings": {
          "optimizer": {
            "enabled": true,
            "runs": 200
          },
          "outputSelection": {
            "*": {
              "*": [
                "abi",
                "evm.bytecode",
                "evm.deployedBytecode",
                "evm.methodIdentifiers",
                "metadata"
              ],
              "": [
                "ast"
              ]
            }
          }
        }
      },
      "imports": [],
      "versionPragmas": [
        ">=0.4.22 <0.9.0"
      ],
      "artifacts": [
        "console"
      ]
    },
    "E:\\workspace\\Open-protocol\\contracts\\util\\Context.sol": {
      "lastModificationDate": 1641215148539,
      "contentHash": "f638426daa8c1bf4bbe6c20df148f7bc",
      "sourceName": "contracts/util/Context.sol",
      "solcConfig": {
        "version": "0.8.1",
        "settings": {
          "optimizer": {
            "enabled": true,
            "runs": 200
          },
          "outputSelection": {
            "*": {
              "*": [
                "abi",
                "evm.bytecode",
                "evm.deployedBytecode",
                "evm.methodIdentifiers",
                "metadata"
              ],
              "": [
                "ast"
              ]
            }
          }
        }
      },
      "imports": [],
      "versionPragmas": [
        "0.8.1"
      ],
      "artifacts": [
        "Context"
      ]
    },
    "E:\\workspace\\Open-protocol\\contracts\\mockup\\MockBep20.sol": {
      "lastModificationDate": 1643860578508,
      "contentHash": "e48f405e7831d1bce1e72a3656886b19",
      "sourceName": "contracts/mockup/MockBep20.sol",
      "solcConfig": {
        "version": "0.8.1",
        "settings": {
          "optimizer": {
            "enabled": true,
            "runs": 200
          },
          "outputSelection": {
            "*": {
              "*": [
                "abi",
                "evm.bytecode",
                "evm.deployedBytecode",
                "evm.methodIdentifiers",
                "metadata"
              ],
              "": [
                "ast"
              ]
            }
          }
        }
      },
      "imports": [
        "../util/Context.sol",
        "../util/Address.sol",
        "../util/IERC20.sol",
        "hardhat/console.sol"
      ],
      "versionPragmas": [
        "0.8.1"
      ],
      "artifacts": [
        "MockBep20"
      ]
    },
    "E:\\workspace\\Open-protocol\\contracts\\util\\Address.sol": {
      "lastModificationDate": 1640880987744,
      "contentHash": "69178a3d792995e611b787ddb7938e40",
      "sourceName": "contracts/util/Address.sol",
      "solcConfig": {
        "version": "0.8.1",
        "settings": {
          "optimizer": {
            "enabled": true,
            "runs": 200
          },
          "outputSelection": {
            "*": {
              "*": [
                "abi",
                "evm.bytecode",
                "evm.deployedBytecode",
                "evm.methodIdentifiers",
                "metadata"
              ],
              "": [
                "ast"
              ]
            }
          }
        }
      },
      "imports": [],
      "versionPragmas": [
        "0.8.1"
      ],
      "artifacts": [
        "Address"
      ]
    },
    "E:\\workspace\\Open-protocol\\contracts\\util\\IERC20.sol": {
      "lastModificationDate": 1638166037361,
      "contentHash": "bf36a31f0d7f0fe0a8e9855d1566a97c",
      "sourceName": "contracts/util/IERC20.sol",
      "solcConfig": {
        "version": "0.8.1",
        "settings": {
          "optimizer": {
            "enabled": true,
            "runs": 200
          },
          "outputSelection": {
            "*": {
              "*": [
                "abi",
                "evm.bytecode",
                "evm.deployedBytecode",
                "evm.methodIdentifiers",
                "metadata"
              ],
              "": [
                "ast"
              ]
            }
          }
        }
      },
      "imports": [],
      "versionPragmas": [
        "0.8.1"
      ],
      "artifacts": [
        "IERC20"
      ]
    },
    "E:\\workspace\\Open-protocol\\contracts\\interfaces\\ILoan.sol": {
      "lastModificationDate": 1643619656813,
      "contentHash": "5a82d06d9caba62f2c30afe69d89d64f",
      "sourceName": "contracts/interfaces/ILoan.sol",
      "solcConfig": {
        "version": "0.8.1",
        "settings": {
          "optimizer": {
            "enabled": true,
            "runs": 200
          },
          "outputSelection": {
            "*": {
              "*": [
                "abi",
                "evm.bytecode",
                "evm.deployedBytecode",
                "evm.methodIdentifiers",
                "metadata"
              ],
              "": [
                "ast"
              ]
            }
          }
        }
      },
      "imports": [],
      "versionPragmas": [
        "0.8.1"
      ],
      "artifacts": [
        "ILoan"
      ]
    },
    "E:\\workspace\\Open-protocol\\contracts\\util\\IBEP20.sol": {
      "lastModificationDate": 1643196817991,
      "contentHash": "3caac582c92641f0ed773feb8bbcbf78",
      "sourceName": "contracts/util/IBEP20.sol",
      "solcConfig": {
        "version": "0.8.1",
        "settings": {
          "optimizer": {
            "enabled": true,
            "runs": 200
          },
          "outputSelection": {
            "*": {
              "*": [
                "abi",
                "evm.bytecode",
                "evm.deployedBytecode",
                "evm.methodIdentifiers",
                "metadata"
              ],
              "": [
                "ast"
              ]
            }
          }
        }
      },
      "imports": [],
      "versionPragmas": [
        "0.8.1"
      ],
      "artifacts": [
        "IBEP20"
      ]
    },
    "E:\\workspace\\Open-protocol\\contracts\\facets\\TokenList.sol": {
      "lastModificationDate": 1643779716740,
      "contentHash": "02f3cbbf6fe660f011458408edf688d8",
      "sourceName": "contracts/facets/TokenList.sol",
      "solcConfig": {
        "version": "0.8.1",
        "settings": {
          "optimizer": {
            "enabled": true,
            "runs": 200
          },
          "outputSelection": {
            "*": {
              "*": [
                "abi",
                "evm.bytecode",
                "evm.deployedBytecode",
                "evm.methodIdentifiers",
                "metadata"
              ],
              "": [
                "ast"
              ]
            }
          }
        }
      },
      "imports": [
        "../util/Pausable.sol",
        "../libraries/LibOpen.sol",
        "../libraries/AppStorageOpen.sol"
      ],
      "versionPragmas": [
        "0.8.1"
      ],
      "artifacts": [
        "TokenList"
      ]
    },
    "E:\\workspace\\Open-protocol\\contracts\\libraries\\LibOpen.sol": {
      "lastModificationDate": 1643832322803,
      "contentHash": "095914bbf427e40d967abadf2a19987d",
      "sourceName": "contracts/libraries/LibOpen.sol",
      "solcConfig": {
        "version": "0.8.1",
        "settings": {
          "optimizer": {
            "enabled": true,
            "runs": 200
          },
          "outputSelection": {
            "*": {
              "*": [
                "abi",
                "evm.bytecode",
                "evm.deployedBytecode",
                "evm.methodIdentifiers",
                "metadata"
              ],
              "": [
                "ast"
              ]
            }
          }
        }
      },
      "imports": [
        "./AppStorageOpen.sol",
        "../util/Address.sol",
        "../util/IBEP20.sol",
        "../interfaces/ITokenList.sol",
        "../interfaces/IComptroller.sol",
        "../interfaces/ILiquidator.sol",
        "../interfaces/IDeposit.sol",
        "../interfaces/IReserve.sol",
        "../interfaces/ILoan.sol",
        "../interfaces/ILoanExt.sol",
        "../interfaces/IOracleOpen.sol",
        "../interfaces/IAccessRegistry.sol",
        "../interfaces/AggregatorV3Interface.sol",
        "../interfaces/IAugustusSwapper.sol",
        "../interfaces/IPancakeRouter01.sol",
        "hardhat/console.sol"
      ],
      "versionPragmas": [
        "0.8.1"
      ],
      "artifacts": [
        "LibOpen"
      ]
    },
    "E:\\workspace\\Open-protocol\\contracts\\interfaces\\ITokenList.sol": {
      "lastModificationDate": 1643441574780,
      "contentHash": "cb80efc2591d8a42ac36e484df8eb0e7",
      "sourceName": "contracts/interfaces/ITokenList.sol",
      "solcConfig": {
        "version": "0.8.1",
        "settings": {
          "optimizer": {
            "enabled": true,
            "runs": 200
          },
          "outputSelection": {
            "*": {
              "*": [
                "abi",
                "evm.bytecode",
                "evm.deployedBytecode",
                "evm.methodIdentifiers",
                "metadata"
              ],
              "": [
                "ast"
              ]
            }
          }
        }
      },
      "imports": [],
      "versionPragmas": [
        "0.8.1"
      ],
      "artifacts": [
        "ITokenList"
      ]
    },
    "E:\\workspace\\Open-protocol\\contracts\\interfaces\\IComptroller.sol": {
      "lastModificationDate": 1643654600182,
      "contentHash": "f7619fa4ae581c888ff22297230062de",
      "sourceName": "contracts/interfaces/IComptroller.sol",
      "solcConfig": {
        "version": "0.8.1",
        "settings": {
          "optimizer": {
            "enabled": true,
            "runs": 200
          },
          "outputSelection": {
            "*": {
              "*": [
                "abi",
                "evm.bytecode",
                "evm.deployedBytecode",
                "evm.methodIdentifiers",
                "metadata"
              ],
              "": [
                "ast"
              ]
            }
          }
        }
      },
      "imports": [],
      "versionPragmas": [
        "0.8.1"
      ],
      "artifacts": [
        "IComptroller"
      ]
    },
    "E:\\workspace\\Open-protocol\\contracts\\interfaces\\ILiquidator.sol": {
      "lastModificationDate": 1643441600790,
      "contentHash": "e8aa40c8736c85c7c2057205db4646c1",
      "sourceName": "contracts/interfaces/ILiquidator.sol",
      "solcConfig": {
        "version": "0.8.1",
        "settings": {
          "optimizer": {
            "enabled": true,
            "runs": 200
          },
          "outputSelection": {
            "*": {
              "*": [
                "abi",
                "evm.bytecode",
                "evm.deployedBytecode",
                "evm.methodIdentifiers",
                "metadata"
              ],
              "": [
                "ast"
              ]
            }
          }
        }
      },
      "imports": [],
      "versionPragmas": [
        "0.8.1"
      ],
      "artifacts": [
        "ILiquidator"
      ]
    },
    "E:\\workspace\\Open-protocol\\contracts\\interfaces\\IDeposit.sol": {
      "lastModificationDate": 1643611866668,
      "contentHash": "953a3addee0861cccf16f380387b4490",
      "sourceName": "contracts/interfaces/IDeposit.sol",
      "solcConfig": {
        "version": "0.8.1",
        "settings": {
          "optimizer": {
            "enabled": true,
            "runs": 200
          },
          "outputSelection": {
            "*": {
              "*": [
                "abi",
                "evm.bytecode",
                "evm.deployedBytecode",
                "evm.methodIdentifiers",
                "metadata"
              ],
              "": [
                "ast"
              ]
            }
          }
        }
      },
      "imports": [],
      "versionPragmas": [
        "0.8.1"
      ],
      "artifacts": [
        "IDeposit"
      ]
    },
    "E:\\workspace\\Open-protocol\\contracts\\interfaces\\IReserve.sol": {
      "lastModificationDate": 1641319404358,
      "contentHash": "7cb017cbf3ee64778466e70ea7ccfa02",
      "sourceName": "contracts/interfaces/IReserve.sol",
      "solcConfig": {
        "version": "0.8.1",
        "settings": {
          "optimizer": {
            "enabled": true,
            "runs": 200
          },
          "outputSelection": {
            "*": {
              "*": [
                "abi",
                "evm.bytecode",
                "evm.deployedBytecode",
                "evm.methodIdentifiers",
                "metadata"
              ],
              "": [
                "ast"
              ]
            }
          }
        }
      },
      "imports": [],
      "versionPragmas": [
        "0.8.1"
      ],
      "artifacts": [
        "IReserve"
      ]
    },
    "E:\\workspace\\Open-protocol\\contracts\\interfaces\\ILoanExt.sol": {
      "lastModificationDate": 1643636866328,
      "contentHash": "670a6d2849c3969fe4d6ebd2e577f286",
      "sourceName": "contracts/interfaces/ILoanExt.sol",
      "solcConfig": {
        "version": "0.8.1",
        "settings": {
          "optimizer": {
            "enabled": true,
            "runs": 200
          },
          "outputSelection": {
            "*": {
              "*": [
                "abi",
                "evm.bytecode",
                "evm.deployedBytecode",
                "evm.methodIdentifiers",
                "metadata"
              ],
              "": [
                "ast"
              ]
            }
          }
        }
      },
      "imports": [],
      "versionPragmas": [
        "0.8.1"
      ],
      "artifacts": [
        "ILoanExt"
      ]
    },
    "E:\\workspace\\Open-protocol\\contracts\\interfaces\\IOracleOpen.sol": {
      "lastModificationDate": 1643617700415,
      "contentHash": "6a57786fc1526345fdb6be38f724aec2",
      "sourceName": "contracts/interfaces/IOracleOpen.sol",
      "solcConfig": {
        "version": "0.8.1",
        "settings": {
          "optimizer": {
            "enabled": true,
            "runs": 200
          },
          "outputSelection": {
            "*": {
              "*": [
                "abi",
                "evm.bytecode",
                "evm.deployedBytecode",
                "evm.methodIdentifiers",
                "metadata"
              ],
              "": [
                "ast"
              ]
            }
          }
        }
      },
      "imports": [],
      "versionPragmas": [
        "0.8.1"
      ],
      "artifacts": [
        "IOracleOpen"
      ]
    },
    "E:\\workspace\\Open-protocol\\contracts\\interfaces\\AggregatorV3Interface.sol": {
      "lastModificationDate": 1643441697480,
      "contentHash": "fef3fc37def7b4e2de76752591de7844",
      "sourceName": "contracts/interfaces/AggregatorV3Interface.sol",
      "solcConfig": {
        "version": "0.8.1",
        "settings": {
          "optimizer": {
            "enabled": true,
            "runs": 200
          },
          "outputSelection": {
            "*": {
              "*": [
                "abi",
                "evm.bytecode",
                "evm.deployedBytecode",
                "evm.methodIdentifiers",
                "metadata"
              ],
              "": [
                "ast"
              ]
            }
          }
        }
      },
      "imports": [],
      "versionPragmas": [
        "0.8.1"
      ],
      "artifacts": [
        "AggregatorV3Interface"
      ]
    },
    "E:\\workspace\\Open-protocol\\contracts\\interfaces\\IAugustusSwapper.sol": {
      "lastModificationDate": 1643441855952,
      "contentHash": "1a92f52bd47505c9e50723173757601d",
      "sourceName": "contracts/interfaces/IAugustusSwapper.sol",
      "solcConfig": {
        "version": "0.8.1",
        "settings": {
          "optimizer": {
            "enabled": true,
            "runs": 200
          },
          "outputSelection": {
            "*": {
              "*": [
                "abi",
                "evm.bytecode",
                "evm.deployedBytecode",
                "evm.methodIdentifiers",
                "metadata"
              ],
              "": [
                "ast"
              ]
            }
          }
        }
      },
      "imports": [],
      "versionPragmas": [
        "0.8.1"
      ],
      "artifacts": [
        "IAugustusSwapper"
      ]
    },
    "E:\\workspace\\Open-protocol\\contracts\\interfaces\\IPancakeRouter01.sol": {
      "lastModificationDate": 1643441855952,
      "contentHash": "eb7cf5527c10d8eedc66f34e9ddf92f5",
      "sourceName": "contracts/interfaces/IPancakeRouter01.sol",
      "solcConfig": {
        "version": "0.8.1",
        "settings": {
          "optimizer": {
            "enabled": true,
            "runs": 200
          },
          "outputSelection": {
            "*": {
              "*": [
                "abi",
                "evm.bytecode",
                "evm.deployedBytecode",
                "evm.methodIdentifiers",
                "metadata"
              ],
              "": [
                "ast"
              ]
            }
          }
        }
      },
      "imports": [],
      "versionPragmas": [
        ">=0.6.2"
      ],
      "artifacts": [
        "IPancakeRouter01"
      ]
    },
    "E:\\workspace\\Open-protocol\\contracts\\OpenDiamond.sol": {
      "lastModificationDate": 1643422956632,
      "contentHash": "073e9326131d6ef1980e0f91c4fe92c0",
      "sourceName": "contracts/OpenDiamond.sol",
      "solcConfig": {
        "version": "0.8.1",
        "settings": {
          "optimizer": {
            "enabled": true,
            "runs": 200
          },
          "outputSelection": {
            "*": {
              "*": [
                "abi",
                "evm.bytecode",
                "evm.deployedBytecode",
                "evm.methodIdentifiers",
                "metadata"
              ],
              "": [
                "ast"
              ]
            }
          }
        }
      },
      "imports": [
        "./libraries/LibDiamond.sol",
        "./libraries/LibOpen.sol",
        "./interfaces/IDiamondCut.sol"
      ],
      "versionPragmas": [
        "0.8.1"
      ],
      "artifacts": [
        "OpenDiamond"
      ]
    },
    "E:\\workspace\\Open-protocol\\contracts\\libraries\\LibDiamond.sol": {
      "lastModificationDate": 1643586330858,
      "contentHash": "4e18d0d2d2c3e4f5057d4e26f372c00a",
      "sourceName": "contracts/libraries/LibDiamond.sol",
      "solcConfig": {
        "version": "0.8.1",
        "settings": {
          "optimizer": {
            "enabled": true,
            "runs": 200
          },
          "outputSelection": {
            "*": {
              "*": [
                "abi",
                "evm.bytecode",
                "evm.deployedBytecode",
                "evm.methodIdentifiers",
                "metadata"
              ],
              "": [
                "ast"
              ]
            }
          }
        }
      },
      "imports": [
        "../interfaces/IDiamondCut.sol",
        "./LibOpen.sol",
        "./AppStorageOpen.sol"
      ],
      "versionPragmas": [
        "0.8.1"
      ],
      "artifacts": [
        "LibDiamond"
      ]
    },
    "E:\\workspace\\Open-protocol\\contracts\\interfaces\\IDiamondCut.sol": {
      "lastModificationDate": 1641319404358,
      "contentHash": "36944ba97ffbf091e132810c51c85dd5",
      "sourceName": "contracts/interfaces/IDiamondCut.sol",
      "solcConfig": {
        "version": "0.8.1",
        "settings": {
          "optimizer": {
            "enabled": true,
            "runs": 200
          },
          "outputSelection": {
            "*": {
              "*": [
                "abi",
                "evm.bytecode",
                "evm.deployedBytecode",
                "evm.methodIdentifiers",
                "metadata"
              ],
              "": [
                "ast"
              ]
            }
          }
        }
      },
      "imports": [],
      "versionPragmas": [
        "0.8.1"
      ],
      "artifacts": [
        "IDiamondCut"
      ]
    },
    "E:\\workspace\\Open-protocol\\contracts\\facets\\DiamondInit.sol": {
      "lastModificationDate": 1643779477952,
      "contentHash": "555de8a0d35a48fde7a2ad115df5106e",
      "sourceName": "contracts/facets/DiamondInit.sol",
      "solcConfig": {
        "version": "0.8.1",
        "settings": {
          "optimizer": {
            "enabled": true,
            "runs": 200
          },
          "outputSelection": {
            "*": {
              "*": [
                "abi",
                "evm.bytecode",
                "evm.deployedBytecode",
                "evm.methodIdentifiers",
                "metadata"
              ],
              "": [
                "ast"
              ]
            }
          }
        }
      },
      "imports": [
        "../libraries/AppStorageOpen.sol",
        "../libraries/LibDiamond.sol",
        "../interfaces/IDiamondLoupe.sol",
        "../interfaces/IDiamondCut.sol",
        "hardhat/console.sol"
      ],
      "versionPragmas": [
        "0.8.1"
      ],
      "artifacts": [
        "DiamondInit"
      ]
    },
    "E:\\workspace\\Open-protocol\\contracts\\interfaces\\IDiamondLoupe.sol": {
      "lastModificationDate": 1641319404358,
      "contentHash": "ae02b67c23bee55ae3e315089abb64c9",
      "sourceName": "contracts/interfaces/IDiamondLoupe.sol",
      "solcConfig": {
        "version": "0.8.1",
        "settings": {
          "optimizer": {
            "enabled": true,
            "runs": 200
          },
          "outputSelection": {
            "*": {
              "*": [
                "abi",
                "evm.bytecode",
                "evm.deployedBytecode",
                "evm.methodIdentifiers",
                "metadata"
              ],
              "": [
                "ast"
              ]
            }
          }
        }
      },
      "imports": [],
      "versionPragmas": [
        "0.8.1"
      ],
      "artifacts": [
        "IDiamondLoupe"
      ]
    },
    "E:\\workspace\\Open-protocol\\contracts\\facets\\DiamondLoupeFacet.sol": {
      "lastModificationDate": 1643586944757,
      "contentHash": "498645bb0b3acddd64c28c404eab87d9",
      "sourceName": "contracts/facets/DiamondLoupeFacet.sol",
      "solcConfig": {
        "version": "0.8.1",
        "settings": {
          "optimizer": {
            "enabled": true,
            "runs": 200
          },
          "outputSelection": {
            "*": {
              "*": [
                "abi",
                "evm.bytecode",
                "evm.deployedBytecode",
                "evm.methodIdentifiers",
                "metadata"
              ],
              "": [
                "ast"
              ]
            }
          }
        }
      },
      "imports": [
        "../libraries/LibDiamond.sol",
        "../interfaces/IDiamondLoupe.sol"
      ],
      "versionPragmas": [
        "0.8.1"
      ],
      "artifacts": [
        "DiamondLoupeFacet"
      ]
    },
    "E:\\workspace\\Open-protocol\\contracts\\facets\\DiamondCutFacet.sol": {
      "lastModificationDate": 1641273724285,
      "contentHash": "1fd8b78a034fbbe5072d7b99a4ae7239",
      "sourceName": "contracts/facets/DiamondCutFacet.sol",
      "solcConfig": {
        "version": "0.8.1",
        "settings": {
          "optimizer": {
            "enabled": true,
            "runs": 200
          },
          "outputSelection": {
            "*": {
              "*": [
                "abi",
                "evm.bytecode",
                "evm.deployedBytecode",
                "evm.methodIdentifiers",
                "metadata"
              ],
              "": [
                "ast"
              ]
            }
          }
        }
      },
      "imports": [
        "../interfaces/IDiamondCut.sol",
        "../libraries/LibDiamond.sol"
      ],
      "versionPragmas": [
        "0.8.1"
      ],
      "artifacts": [
        "DiamondCutFacet"
      ]
    },
    "E:\\workspace\\Open-protocol\\contracts\\facets\\Reserve.sol": {
      "lastModificationDate": 1643791377291,
      "contentHash": "0cd83b4338daf177941e6016f5291329",
      "sourceName": "contracts/facets/Reserve.sol",
      "solcConfig": {
        "version": "0.8.1",
        "settings": {
          "optimizer": {
            "enabled": true,
            "runs": 200
          },
          "outputSelection": {
            "*": {
              "*": [
                "abi",
                "evm.bytecode",
                "evm.deployedBytecode",
                "evm.methodIdentifiers",
                "metadata"
              ],
              "": [
                "ast"
              ]
            }
          }
        }
      },
      "imports": [
        "../util/Pausable.sol",
        "../libraries/LibOpen.sol"
      ],
      "versionPragmas": [
        "0.8.1"
      ],
      "artifacts": [
        "Reserve"
      ]
    },
    "E:\\workspace\\Open-protocol\\contracts\\facets\\OracleOpen.sol": {
      "lastModificationDate": 1643791377291,
      "contentHash": "7eb6edea6299ba52cad3524e6816faf9",
      "sourceName": "contracts/facets/OracleOpen.sol",
      "solcConfig": {
        "version": "0.8.1",
        "settings": {
          "optimizer": {
            "enabled": true,
            "runs": 200
          },
          "outputSelection": {
            "*": {
              "*": [
                "abi",
                "evm.bytecode",
                "evm.deployedBytecode",
                "evm.methodIdentifiers",
                "metadata"
              ],
              "": [
                "ast"
              ]
            }
          }
        }
      },
      "imports": [
        "../util/Pausable.sol",
        "../libraries/LibOpen.sol"
      ],
      "versionPragmas": [
        "0.8.1"
      ],
      "artifacts": [
        "OracleOpen"
      ]
    },
    "E:\\workspace\\Open-protocol\\contracts\\facets\\LoanExt.sol": {
      "lastModificationDate": 1643832266035,
      "contentHash": "1bbc02bf7df0dcfcbe43cf371cc12ef2",
      "sourceName": "contracts/facets/LoanExt.sol",
      "solcConfig": {
        "version": "0.8.1",
        "settings": {
          "optimizer": {
            "enabled": true,
            "runs": 200
          },
          "outputSelection": {
            "*": {
              "*": [
                "abi",
                "evm.bytecode",
                "evm.deployedBytecode",
                "evm.methodIdentifiers",
                "metadata"
              ],
              "": [
                "ast"
              ]
            }
          }
        }
      },
      "imports": [
        "../util/Pausable.sol",
        "../libraries/LibOpen.sol"
      ],
      "versionPragmas": [
        "0.8.1"
      ],
      "artifacts": [
        "LoanExt"
      ]
    },
    "E:\\workspace\\Open-protocol\\contracts\\facets\\Loan.sol": {
      "lastModificationDate": 1643831493875,
      "contentHash": "09c69704f4a55ce5d57f3c5891fe7dcf",
      "sourceName": "contracts/facets/Loan.sol",
      "solcConfig": {
        "version": "0.8.1",
        "settings": {
          "optimizer": {
            "enabled": true,
            "runs": 200
          },
          "outputSelection": {
            "*": {
              "*": [
                "abi",
                "evm.bytecode",
                "evm.deployedBytecode",
                "evm.methodIdentifiers",
                "metadata"
              ],
              "": [
                "ast"
              ]
            }
          }
        }
      },
      "imports": [
        "../util/Pausable.sol",
        "../libraries/LibOpen.sol"
      ],
      "versionPragmas": [
        "0.8.1"
      ],
      "artifacts": [
        "Loan"
      ]
    },
    "E:\\workspace\\Open-protocol\\contracts\\facets\\Liquidator.sol": {
      "lastModificationDate": 1643831210971,
      "contentHash": "72487d71a400490df31e6e8dcce323be",
      "sourceName": "contracts/facets/Liquidator.sol",
      "solcConfig": {
        "version": "0.8.1",
        "settings": {
          "optimizer": {
            "enabled": true,
            "runs": 200
          },
          "outputSelection": {
            "*": {
              "*": [
                "abi",
                "evm.bytecode",
                "evm.deployedBytecode",
                "evm.methodIdentifiers",
                "metadata"
              ],
              "": [
                "ast"
              ]
            }
          }
        }
      },
      "imports": [
        "../util/Pausable.sol",
        "../libraries/LibOpen.sol"
      ],
      "versionPragmas": [
        "0.8.1"
      ],
      "artifacts": [
        "Liquidator"
      ]
    },
    "E:\\workspace\\Open-protocol\\contracts\\facets\\Deposit.sol": {
      "lastModificationDate": 1643827866534,
      "contentHash": "d23bd127aeb054b587ac7ca41dd74d66",
      "sourceName": "contracts/facets/Deposit.sol",
      "solcConfig": {
        "version": "0.8.1",
        "settings": {
          "optimizer": {
            "enabled": true,
            "runs": 200
          },
          "outputSelection": {
            "*": {
              "*": [
                "abi",
                "evm.bytecode",
                "evm.deployedBytecode",
                "evm.methodIdentifiers",
                "metadata"
              ],
              "": [
                "ast"
              ]
            }
          }
        }
      },
      "imports": [
        "../util/Pausable.sol",
        "../libraries/LibOpen.sol",
        "hardhat/console.sol"
      ],
      "versionPragmas": [
        "0.8.1"
      ],
      "artifacts": [
        "Deposit"
      ]
    },
    "E:\\workspace\\Open-protocol\\contracts\\facets\\Comptroller.sol": {
      "lastModificationDate": 1643779494379,
      "contentHash": "c5e3e5bb39a990176854c3f71d1c8846",
      "sourceName": "contracts/facets/Comptroller.sol",
      "solcConfig": {
        "version": "0.8.1",
        "settings": {
          "optimizer": {
            "enabled": true,
            "runs": 200
          },
          "outputSelection": {
            "*": {
              "*": [
                "abi",
                "evm.bytecode",
                "evm.deployedBytecode",
                "evm.methodIdentifiers",
                "metadata"
              ],
              "": [
                "ast"
              ]
            }
          }
        }
      },
      "imports": [
        "../util/Pausable.sol",
        "../libraries/LibOpen.sol",
        "../libraries/AppStorageOpen.sol"
      ],
      "versionPragmas": [
        "0.8.1"
      ],
      "artifacts": [
        "Comptroller"
      ]
    },
    "E:\\workspace\\Open-protocol\\contracts\\interfaces\\IDiamondLoupe copy.sol": {
      "lastModificationDate": 1643366803635,
      "contentHash": "ae02b67c23bee55ae3e315089abb64c9",
      "sourceName": "contracts/interfaces/IDiamondLoupe copy.sol",
      "solcConfig": {
        "version": "0.8.1",
        "settings": {
          "optimizer": {
            "enabled": true,
            "runs": 200
          },
          "outputSelection": {
            "*": {
              "*": [
                "abi",
                "evm.bytecode",
                "evm.deployedBytecode",
                "evm.methodIdentifiers",
                "metadata"
              ],
              "": [
                "ast"
              ]
            }
          }
        }
      },
      "imports": [],
      "versionPragmas": [
        "0.8.1"
      ],
      "artifacts": [
        "IDiamondLoupe"
      ]
    },
    "E:\\workspace\\Open-protocol\\contracts\\mockup\\IMockBep20.sol": {
      "lastModificationDate": 1640678780165,
      "contentHash": "a2fffb10e124036e66f04a44eea350ba",
      "sourceName": "contracts/mockup/IMockBep20.sol",
      "solcConfig": {
        "version": "0.8.1",
        "settings": {
          "optimizer": {
            "enabled": true,
            "runs": 200
          },
          "outputSelection": {
            "*": {
              "*": [
                "abi",
                "evm.bytecode",
                "evm.deployedBytecode",
                "evm.methodIdentifiers",
                "metadata"
              ],
              "": [
                "ast"
              ]
            }
          }
        }
      },
      "imports": [],
      "versionPragmas": [
        "0.8.1"
      ],
      "artifacts": [
        "IMockBep20"
      ]
    }
  }
}
