{
  "version": "3.2",
  "log": [
    {
      "IERC20": {
        "src": "contracts\\util\\IERC20.sol:4",
        "inherit": [],
        "libraries": [],
        "methods": [
          "transfer(address,uint256)"
        ],
        "linkReferences": [],
        "errors": [],
        "layout": {
          "storage": [],
          "types": {},
          "layoutVersion": "1.1"
        }
      }
    },
    {
      "IMockBep20": {
        "src": "contracts\\mockup\\IMockBep20.sol:3",
        "inherit": [],
        "libraries": [],
        "methods": [
          "getOwner()",
          "decimals()",
          "symbol()",
          "name()",
          "totalSupply()",
          "balanceOf(address)",
          "transfer(address,uint256)",
          "allowance(address,address)",
          "approve(address,uint256)",
          "transferFrom(address,address,uint256)",
          "increaseAllowance(address,uint256)",
          "decreaseAllowance(address,uint256)",
          "mint(uint256)"
        ],
        "linkReferences": [],
        "errors": [],
        "layout": {
          "storage": [],
          "types": {},
          "layoutVersion": "1.1"
        }
      }
    },
    {
      "IDiamondLoupe": {
        "src": "contracts\\interfaces\\IDiamondLoupe copy.sol:4",
        "inherit": [],
        "libraries": [],
        "methods": [
          "facets()",
          "facetFunctionSelectors(address)",
          "facetAddresses()",
          "facetAddress(bytes4)"
        ],
        "linkReferences": [],
        "errors": [],
        "layout": {
          "storage": [],
          "types": {},
          "layoutVersion": "1.1"
        }
      }
    },
    {
      "AccessRegistry": {
        "src": "contracts\\AccesRegistry.sol:17",
        "version": {
          "withMetadata": "c114757592c69c819944e3dadc0d177d3e6835ba503f59ab96167eadf0d0f639",
          "withoutMetadata": "c5c1e8f660b244cadadf2dae083262ec7f31918337b3c688ed01aa6ea8028d3d",
          "linkedWithoutMetadata": "c5c1e8f660b244cadadf2dae083262ec7f31918337b3c688ed01aa6ea8028d3d"
        },
        "inherit": [
          "IAccessRegistry",
          "Pausable",
          "Context"
        ],
        "libraries": [
          "console"
        ],
        "methods": [
          "initialize(address)",
          "hasRole(bytes32,address)",
          "addRole(bytes32,address)",
          "removeRole(bytes32,address)",
          "renounceRole(bytes32,address)",
          "transferRole(bytes32,address,address)",
          "hasAdminRole(bytes32,address)",
          "addAdminRole(bytes32,address)",
          "removeAdminRole(bytes32,address)",
          "adminRoleTransfer(bytes32,address,address)",
          "adminRoleRenounce(bytes32,address)",
          "pauseAccessRegistry()",
          "unpauseAccessRegistry()",
          "isPausedAccessRegistry()"
        ],
        "linkReferences": [],
        "errors": [],
        "layout": {
          "storage": [
            {
              "contract": "AccessRegistry",
              "label": "roles",
              "type": "t_mapping(t_bytes32,t_struct(RoleData)11_storage)",
              "src": "contracts\\AccesRegistry.sol:19"
            },
            {
              "contract": "AccessRegistry",
              "label": "adminRoles",
              "type": "t_mapping(t_bytes32,t_struct(AdminRoleData)18_storage)",
              "src": "contracts\\AccesRegistry.sol:20"
            },
            {
              "contract": "AccessRegistry",
              "label": "superAdmin",
              "type": "t_bytes32",
              "src": "contracts\\AccesRegistry.sol:21"
            },
            {
              "contract": "AccessRegistry",
              "label": "initialized",
              "type": "t_bool",
              "src": "contracts\\AccesRegistry.sol:22"
            }
          ],
          "types": {
            "t_mapping(t_bytes32,t_struct(RoleData)11_storage)": {
              "label": "mapping(bytes32 => struct RoleData)"
            },
            "t_bytes32": {
              "label": "bytes32"
            },
            "t_struct(RoleData)11_storage": {
              "label": "struct RoleData",
              "members": [
                {
                  "label": "_members",
                  "type": "t_mapping(t_address,t_bool)"
                },
                {
                  "label": "_role",
                  "type": "t_bytes32"
                }
              ]
            },
            "t_mapping(t_address,t_bool)": {
              "label": "mapping(address => bool)"
            },
            "t_address": {
              "label": "address"
            },
            "t_bool": {
              "label": "bool"
            },
            "t_mapping(t_bytes32,t_struct(AdminRoleData)18_storage)": {
              "label": "mapping(bytes32 => struct AdminRoleData)"
            },
            "t_struct(AdminRoleData)18_storage": {
              "label": "struct AdminRoleData",
              "members": [
                {
                  "label": "_adminMembers",
                  "type": "t_mapping(t_address,t_bool)"
                },
                {
                  "label": "_adminRole",
                  "type": "t_bytes32"
                }
              ]
            }
          },
          "layoutVersion": "1.1"
        }
      },
      "OpenDiamond": {
        "src": "contracts\\OpenDiamond.sol:8",
        "version": {
          "withMetadata": "de0d75de895063beb8a530ab1e0da11563b8d7db533367765eb2e3b438bc7134",
          "withoutMetadata": "de0d75de895063beb8a530ab1e0da11563b8d7db533367765eb2e3b438bc7134",
          "linkedWithoutMetadata": "de0d75de895063beb8a530ab1e0da11563b8d7db533367765eb2e3b438bc7134"
        },
        "inherit": [],
        "libraries": [
          "LibDiamond",
          "LibOpen"
        ],
        "methods": [
          "(address,address)",
          "()",
          "addFairPriceAddress(bytes32,address)",
          "getFairPriceAddress(bytes32)",
          "()"
        ],
        "linkReferences": [],
        "errors": [
          {
            "kind": "constructor",
            "contract": "OpenDiamond",
            "src": "contracts\\OpenDiamond.sol:10"
          }
        ],
        "layout": {
          "storage": [],
          "types": {},
          "layoutVersion": "1.1"
        }
      },
      "Comptroller": {
        "src": "contracts\\facets\\Comptroller.sol:9",
        "version": {
          "withMetadata": "ae6dc50aa74a84c97b032c1c72015a939065b32ca4fce77af219b3ba1e5caa8e",
          "withoutMetadata": "f6acd8d96e0549fa38c819cba1572722c98712439b4257a20854e1da512bab99",
          "linkedWithoutMetadata": "f6acd8d96e0549fa38c819cba1572722c98712439b4257a20854e1da512bab99"
        },
        "inherit": [
          "IComptroller",
          "Pausable",
          "Context"
        ],
        "libraries": [
          "LibOpen"
        ],
        "methods": [
          "()",
          "()",
          "()",
          "getAPR(bytes32)",
          "getAPRInd(bytes32,uint256)",
          "getAPY(bytes32)",
          "getAPYInd(bytes32,uint256)",
          "getApytime(bytes32,uint256)",
          "getAprtime(bytes32,uint256)",
          "getApyLastTime(bytes32)",
          "getAprLastTime(bytes32)",
          "getApyTimeLength(bytes32)",
          "getAprTimeLength(bytes32)",
          "getCommitment(uint256)",
          "setCommitment(bytes32)",
          "updateAPY(bytes32,uint256)",
          "updateAPR(bytes32,uint256)",
          "calcAPR(bytes32,uint256,uint256,uint256)",
          "calcAPY(bytes32,uint256,uint256,uint256)",
          "updateLoanIssuanceFees(uint256)",
          "updateLoanClosureFees(uint256)",
          "updateLoanPreClosureFees(uint256)",
          "depositPreClosureFees()",
          "updateDepositPreclosureFees(uint256)",
          "depositWithdrawalFees()",
          "updateWithdrawalFees(uint256)",
          "collateralReleaseFees()",
          "updateCollateralReleaseFees(uint256)",
          "updateYieldConversion(uint256)",
          "updateMarketSwapFees(uint256)",
          "updateReserveFactor(uint256)",
          "updateMaxWithdrawal(uint256,uint256)",
          "getReserveFactor()",
          "pauseComptroller()",
          "unpauseComptroller()",
          "isPausedComptroller()"
        ],
        "linkReferences": [],
        "errors": [],
        "layout": {
          "storage": [],
          "types": {},
          "layoutVersion": "1.1"
        }
      },
      "Deposit": {
        "src": "contracts\\facets\\Deposit.sol:9",
        "version": {
          "withMetadata": "a434ee3e9b219b42ddb176db0bf4ca86559be8c6a6c772f8a46b8aa2b070dd7c",
          "withoutMetadata": "286a25cf4f1c7a1ea1e311f7f940df7af612a2e3575021cd943ad3dce3eb6690",
          "linkedWithoutMetadata": "286a25cf4f1c7a1ea1e311f7f940df7af612a2e3575021cd943ad3dce3eb6690"
        },
        "inherit": [
          "IDeposit",
          "Pausable",
          "Context"
        ],
        "libraries": [
          "LibOpen",
          "console"
        ],
        "methods": [
          "()",
          "()",
          "()",
          "hasAccount(address)",
          "convertYield(bytes32,bytes32)",
          "hasYield(bytes32,bytes32)",
          "avblReservesDeposit(bytes32)",
          "utilisedReservesDeposit(bytes32)",
          "hasDeposit(bytes32,bytes32)",
          "withdrawDeposit(bytes32,bytes32,uint256,uint8)",
          "addToDeposit(bytes32,bytes32,uint256)",
          "getFairPriceDeposit(uint256)",
          "pauseDeposit()",
          "unpauseDeposit()",
          "isPausedDeposit()"
        ],
        "linkReferences": [],
        "errors": [],
        "layout": {
          "storage": [],
          "types": {},
          "layoutVersion": "1.1"
        }
      },
      "DiamondCutFacet": {
        "src": "contracts\\facets\\DiamondCutFacet.sol:8",
        "version": {
          "withMetadata": "1a22243443c197776010e38469b689f35df1a28aa44f55920729be3650fbd387",
          "withoutMetadata": "44d586b1625ce20e8b47773456662a1c8ef6aa698cf828d5aff7e462c19319ef",
          "linkedWithoutMetadata": "44d586b1625ce20e8b47773456662a1c8ef6aa698cf828d5aff7e462c19319ef"
        },
        "inherit": [
          "IDiamondCut"
        ],
        "libraries": [
          "LibDiamond"
        ],
        "methods": [
          "diamondCut(struct IDiamondCut.FacetCut[],address,bytes)"
        ],
        "linkReferences": [],
        "errors": [],
        "layout": {
          "storage": [],
          "types": {},
          "layoutVersion": "1.1"
        }
      },
      "DiamondInit": {
        "src": "contracts\\facets\\DiamondInit.sol:14",
        "version": {
          "withMetadata": "5ecc8d1f2f314fb2f3b0f44feae02fc80b03199565c5e322ae2fa794a2f2013a",
          "withoutMetadata": "63ca8470139b04c0438bf93a1234215fddc9a1883f552b61e3cbc6d83c473bba",
          "linkedWithoutMetadata": "63ca8470139b04c0438bf93a1234215fddc9a1883f552b61e3cbc6d83c473bba"
        },
        "inherit": [],
        "libraries": [
          "LibDiamond"
        ],
        "methods": [
          "init(address,address,address)"
        ],
        "linkReferences": [],
        "errors": [],
        "layout": {
          "storage": [
            {
              "contract": "DiamondInit",
              "label": "s",
              "type": "t_struct(AppStorageOpen)11411_storage",
              "src": "contracts\\facets\\DiamondInit.sol:15"
            }
          ],
          "types": {
            "t_struct(AppStorageOpen)11411_storage": {
              "label": "struct AppStorageOpen",
              "members": [
                {
                  "label": "token",
                  "type": "t_contract(IBEP20)20170"
                },
                {
                  "label": "facetIndex",
                  "type": "t_mapping(t_bytes4,t_uint256)"
                },
                {
                  "label": "reserveAddress",
                  "type": "t_address"
                },
                {
                  "label": "superAdmin",
                  "type": "t_bytes32"
                },
                {
                  "label": "superAdminAddress",
                  "type": "t_address"
                },
                {
                  "label": "contractOwner",
                  "type": "t_address"
                },
                {
                  "label": "adminTokenList",
                  "type": "t_bytes32"
                },
                {
                  "label": "adminTokenListAddress",
                  "type": "t_address"
                },
                {
                  "label": "pMarkets",
                  "type": "t_array(t_bytes32)dyn_storage"
                },
                {
                  "label": "sMarkets",
                  "type": "t_array(t_bytes32)dyn_storage"
                },
                {
                  "label": "tokenSupportCheck",
                  "type": "t_mapping(t_bytes32,t_bool)"
                },
                {
                  "label": "marketIndex",
                  "type": "t_mapping(t_bytes32,t_uint256)"
                },
                {
                  "label": "indMarketData",
                  "type": "t_mapping(t_bytes32,t_struct(MarketData)11014_storage)"
                },
                {
                  "label": "token2SupportCheck",
                  "type": "t_mapping(t_bytes32,t_bool)"
                },
                {
                  "label": "market2Index",
                  "type": "t_mapping(t_bytes32,t_uint256)"
                },
                {
                  "label": "indMarket2Data",
                  "type": "t_mapping(t_bytes32,t_struct(MarketData)11014_storage)"
                },
                {
                  "label": "adminComptroller",
                  "type": "t_bytes32"
                },
                {
                  "label": "adminComptrollerAddress",
                  "type": "t_address"
                },
                {
                  "label": "commitment",
                  "type": "t_array(t_bytes32)dyn_storage"
                },
                {
                  "label": "reserveFactor",
                  "type": "t_uint256"
                },
                {
                  "label": "loanIssuanceFees",
                  "type": "t_uint256"
                },
                {
                  "label": "loanClosureFees",
                  "type": "t_uint256"
                },
                {
                  "label": "loanPreClosureFees",
                  "type": "t_uint256"
                },
                {
                  "label": "depositPreClosureFees",
                  "type": "t_uint256"
                },
                {
                  "label": "maxWithdrawalFactor",
                  "type": "t_uint256"
                },
                {
                  "label": "maxWithdrawalBlockLimit",
                  "type": "t_uint256"
                },
                {
                  "label": "depositWithdrawalFees",
                  "type": "t_uint256"
                },
                {
                  "label": "collateralReleaseFees",
                  "type": "t_uint256"
                },
                {
                  "label": "yieldConversionFees",
                  "type": "t_uint256"
                },
                {
                  "label": "marketSwapFees",
                  "type": "t_uint256"
                },
                {
                  "label": "indAPYRecords",
                  "type": "t_mapping(t_bytes32,t_struct(APY)11023_storage)"
                },
                {
                  "label": "indAPRRecords",
                  "type": "t_mapping(t_bytes32,t_struct(APR)11032_storage)"
                },
                {
                  "label": "adminLiquidator",
                  "type": "t_bytes32"
                },
                {
                  "label": "adminLiquidatorAddress",
                  "type": "t_address"
                },
                {
                  "label": "adminDeposit",
                  "type": "t_bytes32"
                },
                {
                  "label": "adminDepositAddress",
                  "type": "t_address"
                },
                {
                  "label": "savingsPassbook",
                  "type": "t_mapping(t_address,t_struct(SavingsAccount)11045_storage)"
                },
                {
                  "label": "indDepositRecord",
                  "type": "t_mapping(t_address,t_mapping(t_bytes32,t_mapping(t_bytes32,t_struct(DepositRecords)11064_storage)))"
                },
                {
                  "label": "indYieldRecord",
                  "type": "t_mapping(t_address,t_mapping(t_bytes32,t_mapping(t_bytes32,t_struct(YieldLedger)11083_storage)))"
                },
                {
                  "label": "marketReservesDeposit",
                  "type": "t_mapping(t_bytes32,t_uint256)"
                },
                {
                  "label": "marketUtilisationDeposit",
                  "type": "t_mapping(t_bytes32,t_uint256)"
                },
                {
                  "label": "adminOpenOracle",
                  "type": "t_bytes32"
                },
                {
                  "label": "adminOpenOracleAddress",
                  "type": "t_address"
                },
                {
                  "label": "pairAddresses",
                  "type": "t_mapping(t_bytes32,t_address)"
                },
                {
                  "label": "prices",
                  "type": "t_array(t_struct(PriceData)11183_storage)dyn_storage"
                },
                {
                  "label": "priceData",
                  "type": "t_mapping(t_uint256,t_struct(PriceData)11183_storage)"
                },
                {
                  "label": "requestEventId",
                  "type": "t_uint256"
                },
                {
                  "label": "adminLoan",
                  "type": "t_bytes32"
                },
                {
                  "label": "adminLoanAddress",
                  "type": "t_address"
                },
                {
                  "label": "adminLoanExt",
                  "type": "t_bytes32"
                },
                {
                  "label": "adminLoanExtAddress",
                  "type": "t_address"
                },
                {
                  "label": "loanToken",
                  "type": "t_contract(IBEP20)20170"
                },
                {
                  "label": "withdrawToken",
                  "type": "t_contract(IBEP20)20170"
                },
                {
                  "label": "collateralToken",
                  "type": "t_contract(IBEP20)20170"
                },
                {
                  "label": "loanPassbook",
                  "type": "t_mapping(t_address,t_struct(LoanAccount)11108_storage)"
                },
                {
                  "label": "indLoanRecords",
                  "type": "t_mapping(t_address,t_mapping(t_bytes32,t_mapping(t_bytes32,t_struct(LoanRecords)11121_storage)))"
                },
                {
                  "label": "indCollateralRecords",
                  "type": "t_mapping(t_address,t_mapping(t_bytes32,t_mapping(t_bytes32,t_struct(CollateralRecords)11152_storage)))"
                },
                {
                  "label": "indAccruedAPR",
                  "type": "t_mapping(t_address,t_mapping(t_bytes32,t_mapping(t_bytes32,t_struct(DeductibleInterest)11176_storage)))"
                },
                {
                  "label": "indAccruedAPY",
                  "type": "t_mapping(t_address,t_mapping(t_bytes32,t_mapping(t_bytes32,t_struct(CollateralYield)11165_storage)))"
                },
                {
                  "label": "indLoanState",
                  "type": "t_mapping(t_address,t_mapping(t_bytes32,t_mapping(t_bytes32,t_struct(LoanState)11135_storage)))"
                },
                {
                  "label": "marketReservesLoan",
                  "type": "t_mapping(t_bytes32,t_uint256)"
                },
                {
                  "label": "marketUtilisationLoan",
                  "type": "t_mapping(t_bytes32,t_uint256)"
                },
                {
                  "label": "adminReserve",
                  "type": "t_bytes32"
                },
                {
                  "label": "adminReserveAddress",
                  "type": "t_address"
                }
              ]
            },
            "t_contract(IBEP20)20170": {
              "label": "contract IBEP20"
            },
            "t_mapping(t_bytes4,t_uint256)": {
              "label": "mapping(bytes4 => uint256)"
            },
            "t_bytes4": {
              "label": "bytes4"
            },
            "t_uint256": {
              "label": "uint256"
            },
            "t_address": {
              "label": "address"
            },
            "t_bytes32": {
              "label": "bytes32"
            },
            "t_array(t_bytes32)dyn_storage": {
              "label": "bytes32[]"
            },
            "t_mapping(t_bytes32,t_bool)": {
              "label": "mapping(bytes32 => bool)"
            },
            "t_bool": {
              "label": "bool"
            },
            "t_mapping(t_bytes32,t_uint256)": {
              "label": "mapping(bytes32 => uint256)"
            },
            "t_mapping(t_bytes32,t_struct(MarketData)11014_storage)": {
              "label": "mapping(bytes32 => struct MarketData)"
            },
            "t_struct(MarketData)11014_storage": {
              "label": "struct MarketData",
              "members": [
                {
                  "label": "market",
                  "type": "t_bytes32"
                },
                {
                  "label": "tokenAddress",
                  "type": "t_address"
                },
                {
                  "label": "decimals",
                  "type": "t_uint256"
                },
                {
                  "label": "chainId",
                  "type": "t_uint256"
                },
                {
                  "label": "minAmount",
                  "type": "t_uint256"
                }
              ]
            },
            "t_mapping(t_bytes32,t_struct(APY)11023_storage)": {
              "label": "mapping(bytes32 => struct APY)"
            },
            "t_struct(APY)11023_storage": {
              "label": "struct APY",
              "members": [
                {
                  "label": "commitment",
                  "type": "t_bytes32"
                },
                {
                  "label": "time",
                  "type": "t_array(t_uint256)dyn_storage"
                },
                {
                  "label": "apyChanges",
                  "type": "t_array(t_uint256)dyn_storage"
                }
              ]
            },
            "t_mapping(t_bytes32,t_struct(APR)11032_storage)": {
              "label": "mapping(bytes32 => struct APR)"
            },
            "t_struct(APR)11032_storage": {
              "label": "struct APR",
              "members": [
                {
                  "label": "commitment",
                  "type": "t_bytes32"
                },
                {
                  "label": "time",
                  "type": "t_array(t_uint256)dyn_storage"
                },
                {
                  "label": "aprChanges",
                  "type": "t_array(t_uint256)dyn_storage"
                }
              ]
            },
            "t_mapping(t_address,t_struct(SavingsAccount)11045_storage)": {
              "label": "mapping(address => struct SavingsAccount)"
            },
            "t_struct(SavingsAccount)11045_storage": {
              "label": "struct SavingsAccount",
              "members": [
                {
                  "label": "accOpenTime",
                  "type": "t_uint256"
                },
                {
                  "label": "account",
                  "type": "t_address"
                },
                {
                  "label": "deposits",
                  "type": "t_array(t_struct(DepositRecords)11064_storage)dyn_storage"
                },
                {
                  "label": "yield",
                  "type": "t_array(t_struct(YieldLedger)11083_storage)dyn_storage"
                }
              ]
            },
            "t_mapping(t_address,t_mapping(t_bytes32,t_mapping(t_bytes32,t_struct(DepositRecords)11064_storage)))": {
              "label": "mapping(address => mapping(bytes32 => mapping(bytes32 => struct DepositRecords)))"
            },
            "t_mapping(t_bytes32,t_mapping(t_bytes32,t_struct(DepositRecords)11064_storage))": {
              "label": "mapping(bytes32 => mapping(bytes32 => struct DepositRecords))"
            },
            "t_mapping(t_bytes32,t_struct(DepositRecords)11064_storage)": {
              "label": "mapping(bytes32 => struct DepositRecords)"
            },
            "t_struct(DepositRecords)11064_storage": {
              "label": "struct DepositRecords",
              "members": [
                {
                  "label": "id",
                  "type": "t_uint256"
                },
                {
                  "label": "market",
                  "type": "t_bytes32"
                },
                {
                  "label": "commitment",
                  "type": "t_bytes32"
                },
                {
                  "label": "amount",
                  "type": "t_uint256"
                },
                {
                  "label": "lastUpdate",
                  "type": "t_uint256"
                },
                {
                  "label": "isTimelockApplicable",
                  "type": "t_bool"
                },
                {
                  "label": "isTimelockActivated",
                  "type": "t_bool"
                },
                {
                  "label": "timelockValidity",
                  "type": "t_uint256"
                },
                {
                  "label": "activationTime",
                  "type": "t_uint256"
                }
              ]
            },
            "t_mapping(t_address,t_mapping(t_bytes32,t_mapping(t_bytes32,t_struct(YieldLedger)11083_storage)))": {
              "label": "mapping(address => mapping(bytes32 => mapping(bytes32 => struct YieldLedger)))"
            },
            "t_mapping(t_bytes32,t_mapping(t_bytes32,t_struct(YieldLedger)11083_storage))": {
              "label": "mapping(bytes32 => mapping(bytes32 => struct YieldLedger))"
            },
            "t_mapping(t_bytes32,t_struct(YieldLedger)11083_storage)": {
              "label": "mapping(bytes32 => struct YieldLedger)"
            },
            "t_struct(YieldLedger)11083_storage": {
              "label": "struct YieldLedger",
              "members": [
                {
                  "label": "id",
                  "type": "t_uint256"
                },
                {
                  "label": "market",
                  "type": "t_bytes32"
                },
                {
                  "label": "oldLengthAccruedYield",
                  "type": "t_uint256"
                },
                {
                  "label": "oldTime",
                  "type": "t_uint256"
                },
                {
                  "label": "accruedYield",
                  "type": "t_uint256"
                },
                {
                  "label": "isTimelockApplicable",
                  "type": "t_bool"
                },
                {
                  "label": "isTimelockActivated",
                  "type": "t_bool"
                },
                {
                  "label": "timelockValidity",
                  "type": "t_uint256"
                },
                {
                  "label": "activationTime",
                  "type": "t_uint256"
                }
              ]
            },
            "t_mapping(t_bytes32,t_address)": {
              "label": "mapping(bytes32 => address)"
            },
            "t_array(t_struct(PriceData)11183_storage)dyn_storage": {
              "label": "struct PriceData[]"
            },
            "t_struct(PriceData)11183_storage": {
              "label": "struct PriceData",
              "members": [
                {
                  "label": "market",
                  "type": "t_bytes32"
                },
                {
                  "label": "amount",
                  "type": "t_uint256"
                },
                {
                  "label": "price",
                  "type": "t_uint256"
                }
              ]
            },
            "t_mapping(t_uint256,t_struct(PriceData)11183_storage)": {
              "label": "mapping(uint256 => struct PriceData)"
            },
            "t_mapping(t_address,t_struct(LoanAccount)11108_storage)": {
              "label": "mapping(address => struct LoanAccount)"
            },
            "t_struct(LoanAccount)11108_storage": {
              "label": "struct LoanAccount",
              "members": [
                {
                  "label": "accOpenTime",
                  "type": "t_uint256"
                },
                {
                  "label": "account",
                  "type": "t_address"
                },
                {
                  "label": "loans",
                  "type": "t_array(t_struct(LoanRecords)11121_storage)dyn_storage"
                },
                {
                  "label": "collaterals",
                  "type": "t_array(t_struct(CollateralRecords)11152_storage)dyn_storage"
                },
                {
                  "label": "accruedAPR",
                  "type": "t_array(t_struct(DeductibleInterest)11176_storage)dyn_storage"
                },
                {
                  "label": "accruedAPY",
                  "type": "t_array(t_struct(CollateralYield)11165_storage)dyn_storage"
                },
                {
                  "label": "loanState",
                  "type": "t_array(t_struct(LoanState)11135_storage)dyn_storage"
                }
              ]
            },
            "t_mapping(t_address,t_mapping(t_bytes32,t_mapping(t_bytes32,t_struct(LoanRecords)11121_storage)))": {
              "label": "mapping(address => mapping(bytes32 => mapping(bytes32 => struct LoanRecords)))"
            },
            "t_mapping(t_bytes32,t_mapping(t_bytes32,t_struct(LoanRecords)11121_storage))": {
              "label": "mapping(bytes32 => mapping(bytes32 => struct LoanRecords))"
            },
            "t_mapping(t_bytes32,t_struct(LoanRecords)11121_storage)": {
              "label": "mapping(bytes32 => struct LoanRecords)"
            },
            "t_struct(LoanRecords)11121_storage": {
              "label": "struct LoanRecords",
              "members": [
                {
                  "label": "id",
                  "type": "t_uint256"
                },
                {
                  "label": "market",
                  "type": "t_bytes32"
                },
                {
                  "label": "commitment",
                  "type": "t_bytes32"
                },
                {
                  "label": "amount",
                  "type": "t_uint256"
                },
                {
                  "label": "isSwapped",
                  "type": "t_bool"
                },
                {
                  "label": "lastUpdate",
                  "type": "t_uint256"
                }
              ]
            },
            "t_mapping(t_address,t_mapping(t_bytes32,t_mapping(t_bytes32,t_struct(CollateralRecords)11152_storage)))": {
              "label": "mapping(address => mapping(bytes32 => mapping(bytes32 => struct CollateralRecords)))"
            },
            "t_mapping(t_bytes32,t_mapping(t_bytes32,t_struct(CollateralRecords)11152_storage))": {
              "label": "mapping(bytes32 => mapping(bytes32 => struct CollateralRecords))"
            },
            "t_mapping(t_bytes32,t_struct(CollateralRecords)11152_storage)": {
              "label": "mapping(bytes32 => struct CollateralRecords)"
            },
            "t_struct(CollateralRecords)11152_storage": {
              "label": "struct CollateralRecords",
              "members": [
                {
                  "label": "id",
                  "type": "t_uint256"
                },
                {
                  "label": "market",
                  "type": "t_bytes32"
                },
                {
                  "label": "commitment",
                  "type": "t_bytes32"
                },
                {
                  "label": "amount",
                  "type": "t_uint256"
                },
                {
                  "label": "isCollateralisedDeposit",
                  "type": "t_bool"
                },
                {
                  "label": "timelockValidity",
                  "type": "t_uint256"
                },
                {
                  "label": "isTimelockActivated",
                  "type": "t_bool"
                },
                {
                  "label": "activationTime",
                  "type": "t_uint256"
                }
              ]
            },
            "t_mapping(t_address,t_mapping(t_bytes32,t_mapping(t_bytes32,t_struct(DeductibleInterest)11176_storage)))": {
              "label": "mapping(address => mapping(bytes32 => mapping(bytes32 => struct DeductibleInterest)))"
            },
            "t_mapping(t_bytes32,t_mapping(t_bytes32,t_struct(DeductibleInterest)11176_storage))": {
              "label": "mapping(bytes32 => mapping(bytes32 => struct DeductibleInterest))"
            },
            "t_mapping(t_bytes32,t_struct(DeductibleInterest)11176_storage)": {
              "label": "mapping(bytes32 => struct DeductibleInterest)"
            },
            "t_struct(DeductibleInterest)11176_storage": {
              "label": "struct DeductibleInterest",
              "members": [
                {
                  "label": "id",
                  "type": "t_uint256"
                },
                {
                  "label": "market",
                  "type": "t_bytes32"
                },
                {
                  "label": "oldLengthAccruedInterest",
                  "type": "t_uint256"
                },
                {
                  "label": "oldTime",
                  "type": "t_uint256"
                },
                {
                  "label": "accruedInterest",
                  "type": "t_uint256"
                }
              ]
            },
            "t_mapping(t_address,t_mapping(t_bytes32,t_mapping(t_bytes32,t_struct(CollateralYield)11165_storage)))": {
              "label": "mapping(address => mapping(bytes32 => mapping(bytes32 => struct CollateralYield)))"
            },
            "t_mapping(t_bytes32,t_mapping(t_bytes32,t_struct(CollateralYield)11165_storage))": {
              "label": "mapping(bytes32 => mapping(bytes32 => struct CollateralYield))"
            },
            "t_mapping(t_bytes32,t_struct(CollateralYield)11165_storage)": {
              "label": "mapping(bytes32 => struct CollateralYield)"
            },
            "t_struct(CollateralYield)11165_storage": {
              "label": "struct CollateralYield",
              "members": [
                {
                  "label": "id",
                  "type": "t_uint256"
                },
                {
                  "label": "market",
                  "type": "t_bytes32"
                },
                {
                  "label": "commitment",
                  "type": "t_bytes32"
                },
                {
                  "label": "oldLengthAccruedYield",
                  "type": "t_uint256"
                },
                {
                  "label": "oldTime",
                  "type": "t_uint256"
                },
                {
                  "label": "accruedYield",
                  "type": "t_uint256"
                }
              ]
            },
            "t_mapping(t_address,t_mapping(t_bytes32,t_mapping(t_bytes32,t_struct(LoanState)11135_storage)))": {
              "label": "mapping(address => mapping(bytes32 => mapping(bytes32 => struct LoanState)))"
            },
            "t_mapping(t_bytes32,t_mapping(t_bytes32,t_struct(LoanState)11135_storage))": {
              "label": "mapping(bytes32 => mapping(bytes32 => struct LoanState))"
            },
            "t_mapping(t_bytes32,t_struct(LoanState)11135_storage)": {
              "label": "mapping(bytes32 => struct LoanState)"
            },
            "t_struct(LoanState)11135_storage": {
              "label": "struct LoanState",
              "members": [
                {
                  "label": "id",
                  "type": "t_uint256"
                },
                {
                  "label": "loanMarket",
                  "type": "t_bytes32"
                },
                {
                  "label": "actualLoanAmount",
                  "type": "t_uint256"
                },
                {
                  "label": "currentMarket",
                  "type": "t_bytes32"
                },
                {
                  "label": "currentAmount",
                  "type": "t_uint256"
                },
                {
                  "label": "state",
                  "type": "t_enum(STATE)10346"
                }
              ]
            },
            "t_array(t_uint256)dyn_storage": {
              "label": "uint256[]"
            },
            "t_array(t_struct(DepositRecords)11064_storage)dyn_storage": {
              "label": "struct DepositRecords[]"
            },
            "t_array(t_struct(YieldLedger)11083_storage)dyn_storage": {
              "label": "struct YieldLedger[]"
            },
            "t_array(t_struct(LoanRecords)11121_storage)dyn_storage": {
              "label": "struct LoanRecords[]"
            },
            "t_array(t_struct(CollateralRecords)11152_storage)dyn_storage": {
              "label": "struct CollateralRecords[]"
            },
            "t_array(t_struct(DeductibleInterest)11176_storage)dyn_storage": {
              "label": "struct DeductibleInterest[]"
            },
            "t_array(t_struct(CollateralYield)11165_storage)dyn_storage": {
              "label": "struct CollateralYield[]"
            },
            "t_array(t_struct(LoanState)11135_storage)dyn_storage": {
              "label": "struct LoanState[]"
            },
            "t_enum(STATE)10346": {
              "label": "enum ILoan.STATE",
              "members": [
                "ACTIVE",
                "REPAID"
              ]
            }
          },
          "layoutVersion": "1.1"
        }
      },
      "DiamondLoupeFacet": {
        "src": "contracts\\facets\\DiamondLoupeFacet.sol:7",
        "version": {
          "withMetadata": "869c3548baf40ce7941be52a457246432fdc05f5ed6297943a2eb5b82eb03dcc",
          "withoutMetadata": "2e6ca3b2c1369b1af479bc67238f3ae49337867c6bfefccdf67659c8ac9aeb1e",
          "linkedWithoutMetadata": "2e6ca3b2c1369b1af479bc67238f3ae49337867c6bfefccdf67659c8ac9aeb1e"
        },
        "inherit": [
          "IDiamondLoupe"
        ],
        "libraries": [
          "LibDiamond"
        ],
        "methods": [
          "facets()",
          "facetFunctionSelectors(address)",
          "facetAddresses()",
          "facetAddress(bytes4)"
        ],
        "linkReferences": [],
        "errors": [],
        "layout": {
          "storage": [],
          "types": {},
          "layoutVersion": "1.1"
        }
      },
      "Liquidator": {
        "src": "contracts\\facets\\Liquidator.sol:7",
        "version": {
          "withMetadata": "83ae3b39a5dfd5e5b5b3d4fbf16e3d345e475bf7c47ffb047a996a3cf8466913",
          "withoutMetadata": "f5f2a24c2f3eec209a66131ae415b1b05b22718eda5a99904c85c002c36fcebb",
          "linkedWithoutMetadata": "f5f2a24c2f3eec209a66131ae415b1b05b22718eda5a99904c85c002c36fcebb"
        },
        "inherit": [
          "ILiquidator",
          "Pausable",
          "Context"
        ],
        "libraries": [
          "LibOpen"
        ],
        "methods": [
          "()",
          "()",
          "()",
          "swap(bytes32,bytes32,uint256,uint8)",
          "pauseLiquidator()",
          "unpauseLiquidator()",
          "isPausedLiquidator()"
        ],
        "linkReferences": [],
        "errors": [],
        "layout": {
          "storage": [],
          "types": {},
          "layoutVersion": "1.1"
        }
      },
      "Loan": {
        "src": "contracts\\facets\\Loan.sol:7",
        "version": {
          "withMetadata": "3f435b36432e4021d1b6d719cc999748d38e9ba0cafda48efb53010ac1fdc4cf",
          "withoutMetadata": "492e42cfdd8ce16fe058543e622c13b802cf8540979faa47c1dccbca80fdb3bf",
          "linkedWithoutMetadata": "492e42cfdd8ce16fe058543e622c13b802cf8540979faa47c1dccbca80fdb3bf"
        },
        "inherit": [
          "ILoan",
          "Pausable",
          "Context"
        ],
        "libraries": [
          "LibOpen"
        ],
        "methods": [
          "()",
          "()",
          "()",
          "swapLoan(bytes32,bytes32,bytes32)",
          "swapToLoan(bytes32,bytes32,bytes32)",
          "withdrawCollateral(bytes32,bytes32)",
          "repayLoan(bytes32,bytes32,uint256)",
          "getFairPriceLoan(uint256)",
          "collateralPointer(address,bytes32,bytes32)",
          "pauseLoan()",
          "unpauseLoan()",
          "isPausedLoan()"
        ],
        "linkReferences": [],
        "errors": [],
        "layout": {
          "storage": [],
          "types": {},
          "layoutVersion": "1.1"
        }
      },
      "LoanExt": {
        "src": "contracts\\facets\\LoanExt.sol:7",
        "version": {
          "withMetadata": "4fabb2aae1296f84287c37a818177b07f45d05c665e13116a49ede34c1626b22",
          "withoutMetadata": "3e5a52e8a960828234c39c2f8bcb8bf7ad394c9b3a5344270aa0187bd974001e",
          "linkedWithoutMetadata": "3e5a52e8a960828234c39c2f8bcb8bf7ad394c9b3a5344270aa0187bd974001e"
        },
        "inherit": [
          "ILoanExt",
          "Pausable",
          "Context"
        ],
        "libraries": [
          "LibOpen",
          "console"
        ],
        "methods": [
          "()",
          "()",
          "()",
          "hasLoanAccount(address)",
          "avblReservesLoan(bytes32)",
          "utilisedReservesLoan(bytes32)",
          "loanRequest(bytes32,bytes32,uint256,bytes32,uint256)",
          "addCollateral(bytes32,bytes32,bytes32,uint256)",
          "GetisReentrant()",
          "liquidation(address,uint256)",
          "pauseLoanExt()",
          "unpauseLoanExt()",
          "isPausedLoanExt()"
        ],
        "linkReferences": [],
        "errors": [],
        "layout": {
          "storage": [],
          "types": {},
          "layoutVersion": "1.1"
        }
      },
      "OracleOpen": {
        "src": "contracts\\facets\\OracleOpen.sol:8",
        "version": {
          "withMetadata": "4f6936e6d1c5498b1e15406162aaeb6b2149b96f1e222d62ab70dae07875ace8",
          "withoutMetadata": "782af7789be9054b49bc2fafb6259b7ebe19149d81500e70d545a40b8316b7a4",
          "linkedWithoutMetadata": "782af7789be9054b49bc2fafb6259b7ebe19149d81500e70d545a40b8316b7a4"
        },
        "inherit": [
          "IOracleOpen",
          "Pausable",
          "Context"
        ],
        "libraries": [
          "LibOpen"
        ],
        "methods": [
          "()",
          "()",
          "()",
          "getLatestPrice(bytes32)",
          "getFairPrice(uint256)",
          "setFairPrice(uint256,uint256,bytes32,uint256)",
          "pauseOracle()",
          "unpauseOracle()",
          "isPausedOracle()"
        ],
        "linkReferences": [],
        "errors": [],
        "layout": {
          "storage": [],
          "types": {},
          "layoutVersion": "1.1"
        }
      },
      "Reserve": {
        "src": "contracts\\facets\\Reserve.sol:8",
        "version": {
          "withMetadata": "71475f3569e6432158d227a7f81117037279eb95fd440e960c1f234f7ff3acd4",
          "withoutMetadata": "91d01252fb37577be11f3e7219fd9cf7eff94a32ae0b9b42fb3f2d07d23f8cd6",
          "linkedWithoutMetadata": "91d01252fb37577be11f3e7219fd9cf7eff94a32ae0b9b42fb3f2d07d23f8cd6"
        },
        "inherit": [
          "IReserve",
          "Pausable",
          "Context"
        ],
        "libraries": [
          "LibOpen"
        ],
        "methods": [
          "()",
          "()",
          "()",
          "transferAnyBEP20(address,address,uint256)",
          "avblMarketReserves(bytes32)",
          "marketReserves(bytes32)",
          "marketUtilisation(bytes32)",
          "collateralTransfer(address,bytes32,bytes32)",
          "pauseReserve()",
          "unpauseReserve()",
          "isPausedReserve()"
        ],
        "linkReferences": [],
        "errors": [],
        "layout": {
          "storage": [],
          "types": {},
          "layoutVersion": "1.1"
        }
      },
      "TokenList": {
        "src": "contracts\\facets\\TokenList.sol:9",
        "version": {
          "withMetadata": "a119cd22cb6318ad29fb11cce687bacdf6268dcd2bf8e2eab476347ecdb40d00",
          "withoutMetadata": "9b30f18511f675d605f3d2e8ccde9e4ea6b7d18d6e71b81542659bea5555ee67",
          "linkedWithoutMetadata": "9b30f18511f675d605f3d2e8ccde9e4ea6b7d18d6e71b81542659bea5555ee67"
        },
        "inherit": [
          "ITokenList",
          "Pausable",
          "Context"
        ],
        "libraries": [
          "LibOpen"
        ],
        "methods": [
          "()",
          "()",
          "()",
          "isMarketSupported(bytes32)",
          "getMarketAddress(bytes32)",
          "getMarketDecimal(bytes32)",
          "addMarketSupport(bytes32,uint256,address,uint256)",
          "minAmountCheck(bytes32,uint256)",
          "removeMarketSupport(bytes32)",
          "updateMarketSupport(bytes32,uint256,address)",
          "isMarket2Supported(bytes32)",
          "getMarket2Address(bytes32)",
          "getMarket2Decimal(bytes32)",
          "addMarket2Support(bytes32,uint256,address)",
          "removeMarket2Support(bytes32)",
          "updateMarket2Support(bytes32,uint256,address)",
          "pauseTokenList()",
          "unpauseTokenList()",
          "isPausedTokenList()"
        ],
        "linkReferences": [],
        "errors": [],
        "layout": {
          "storage": [],
          "types": {},
          "layoutVersion": "1.1"
        }
      },
      "AggregatorV3Interface": {
        "src": "contracts\\interfaces\\AggregatorV3Interface.sol:4",
        "inherit": [],
        "libraries": [],
        "methods": [
          "decimals()",
          "description()",
          "version()",
          "getRoundData(uint80)",
          "latestRoundData()"
        ],
        "linkReferences": [],
        "errors": [],
        "layout": {
          "storage": [],
          "types": {},
          "layoutVersion": "1.1"
        }
      },
      "IAccessRegistry": {
        "src": "contracts\\interfaces\\IAccessRegistry.sol:4",
        "inherit": [],
        "libraries": [],
        "methods": [
          "hasRole(bytes32,address)",
          "addRole(bytes32,address)",
          "removeRole(bytes32,address)",
          "renounceRole(bytes32,address)",
          "transferRole(bytes32,address,address)",
          "hasAdminRole(bytes32,address)",
          "addAdminRole(bytes32,address)",
          "removeAdminRole(bytes32,address)",
          "adminRoleTransfer(bytes32,address,address)",
          "adminRoleRenounce(bytes32,address)",
          "pauseAccessRegistry()",
          "unpauseAccessRegistry()",
          "isPausedAccessRegistry()"
        ],
        "linkReferences": [],
        "errors": [],
        "layout": {
          "storage": [],
          "types": {},
          "layoutVersion": "1.1"
        }
      },
      "IAugustusSwapper": {
        "src": "contracts\\interfaces\\IAugustusSwapper.sol:3",
        "inherit": [],
        "libraries": [],
        "methods": [
          "simpleSwap(address,address,uint256,uint256,uint256,address[],bytes,uint256[],uint256[],address payable,string,bool)",
          "swapOnUniswap(uint256,uint256,address[],uint8)"
        ],
        "linkReferences": [],
        "errors": [],
        "layout": {
          "storage": [],
          "types": {},
          "layoutVersion": "1.1"
        }
      },
      "IComptroller": {
        "src": "contracts\\interfaces\\IComptroller.sol:3",
        "inherit": [],
        "libraries": [],
        "methods": [
          "getAPR(bytes32)",
          "getAPRInd(bytes32,uint256)",
          "getAPY(bytes32)",
          "getAPYInd(bytes32,uint256)",
          "getApytime(bytes32,uint256)",
          "getAprtime(bytes32,uint256)",
          "getApyLastTime(bytes32)",
          "getAprLastTime(bytes32)",
          "getApyTimeLength(bytes32)",
          "getAprTimeLength(bytes32)",
          "getCommitment(uint256)",
          "setCommitment(bytes32)",
          "updateAPY(bytes32,uint256)",
          "updateAPR(bytes32,uint256)",
          "calcAPR(bytes32,uint256,uint256,uint256)",
          "calcAPY(bytes32,uint256,uint256,uint256)",
          "updateLoanIssuanceFees(uint256)",
          "updateLoanClosureFees(uint256)",
          "updateLoanPreClosureFees(uint256)",
          "updateDepositPreclosureFees(uint256)",
          "updateWithdrawalFees(uint256)",
          "updateCollateralReleaseFees(uint256)",
          "updateYieldConversion(uint256)",
          "updateMarketSwapFees(uint256)",
          "updateReserveFactor(uint256)",
          "updateMaxWithdrawal(uint256,uint256)",
          "getReserveFactor()",
          "pauseComptroller()",
          "unpauseComptroller()",
          "isPausedComptroller()",
          "depositPreClosureFees()",
          "depositWithdrawalFees()",
          "collateralReleaseFees()"
        ],
        "linkReferences": [],
        "errors": [],
        "layout": {
          "storage": [],
          "types": {},
          "layoutVersion": "1.1"
        }
      },
      "IDeposit": {
        "src": "contracts\\interfaces\\IDeposit.sol:8",
        "inherit": [],
        "libraries": [],
        "methods": [
          "hasAccount(address)",
          "convertYield(bytes32,bytes32)",
          "hasYield(bytes32,bytes32)",
          "avblReservesDeposit(bytes32)",
          "utilisedReservesDeposit(bytes32)",
          "hasDeposit(bytes32,bytes32)",
          "withdrawDeposit(bytes32,bytes32,uint256,uint8)",
          "addToDeposit(bytes32,bytes32,uint256)",
          "getFairPriceDeposit(uint256)",
          "pauseDeposit()",
          "unpauseDeposit()",
          "isPausedDeposit()"
        ],
        "linkReferences": [],
        "errors": [],
        "layout": {
          "storage": [],
          "types": {},
          "layoutVersion": "1.1"
        }
      },
      "IDiamondCut": {
        "src": "contracts\\interfaces\\IDiamondCut.sol:4",
        "inherit": [],
        "libraries": [],
        "methods": [
          "diamondCut(struct IDiamondCut.FacetCut[],address,bytes)"
        ],
        "linkReferences": [],
        "errors": [],
        "layout": {
          "storage": [],
          "types": {},
          "layoutVersion": "1.1"
        }
      },
      "IDiamondLoupe": {
        "src": "contracts\\interfaces\\IDiamondLoupe.sol:4",
        "inherit": [],
        "libraries": [],
        "methods": [
          "facets()",
          "facetFunctionSelectors(address)",
          "facetAddresses()",
          "facetAddress(bytes4)"
        ],
        "linkReferences": [],
        "errors": [],
        "layout": {
          "storage": [],
          "types": {},
          "layoutVersion": "1.1"
        }
      },
      "ILiquidator": {
        "src": "contracts\\interfaces\\ILiquidator.sol:7",
        "inherit": [],
        "libraries": [],
        "methods": [
          "swap(bytes32,bytes32,uint256,uint8)",
          "pauseLiquidator()",
          "unpauseLiquidator()",
          "isPausedLiquidator()"
        ],
        "linkReferences": [],
        "errors": [],
        "layout": {
          "storage": [],
          "types": {},
          "layoutVersion": "1.1"
        }
      },
      "ILoan": {
        "src": "contracts\\interfaces\\ILoan.sol:4",
        "inherit": [],
        "libraries": [],
        "methods": [
          "swapLoan(bytes32,bytes32,bytes32)",
          "withdrawCollateral(bytes32,bytes32)",
          "collateralPointer(address,bytes32,bytes32)",
          "repayLoan(bytes32,bytes32,uint256)",
          "getFairPriceLoan(uint256)",
          "pauseLoan()",
          "unpauseLoan()",
          "isPausedLoan()"
        ],
        "linkReferences": [],
        "errors": [],
        "layout": {
          "storage": [],
          "types": {},
          "layoutVersion": "1.1"
        }
      },
      "ILoanExt": {
        "src": "contracts\\interfaces\\ILoanExt.sol:4",
        "inherit": [],
        "libraries": [],
        "methods": [
          "hasLoanAccount(address)",
          "avblReservesLoan(bytes32)",
          "utilisedReservesLoan(bytes32)",
          "loanRequest(bytes32,bytes32,uint256,bytes32,uint256)",
          "addCollateral(bytes32,bytes32,bytes32,uint256)",
          "liquidation(address,uint256)",
          "pauseLoanExt()",
          "unpauseLoanExt()",
          "isPausedLoanExt()"
        ],
        "linkReferences": [],
        "errors": [],
        "layout": {
          "storage": [],
          "types": {},
          "layoutVersion": "1.1"
        }
      },
      "IOracleOpen": {
        "src": "contracts\\interfaces\\IOracleOpen.sol:3",
        "inherit": [],
        "libraries": [],
        "methods": [
          "getLatestPrice(bytes32)",
          "getFairPrice(uint256)",
          "pauseOracle()",
          "unpauseOracle()",
          "isPausedOracle()"
        ],
        "linkReferences": [],
        "errors": [],
        "layout": {
          "storage": [],
          "types": {},
          "layoutVersion": "1.1"
        }
      },
      "IPancakeRouter01": {
        "src": "contracts\\interfaces\\IPancakeRouter01.sol:5",
        "inherit": [],
        "libraries": [],
        "methods": [
          "factory()",
          "WETH()",
          "addLiquidity(address,address,uint256,uint256,uint256,uint256,address,uint256)",
          "addLiquidityETH(address,uint256,uint256,uint256,address,uint256)",
          "removeLiquidity(address,address,uint256,uint256,uint256,address,uint256)",
          "removeLiquidityETH(address,uint256,uint256,uint256,address,uint256)",
          "removeLiquidityWithPermit(address,address,uint256,uint256,uint256,address,uint256,bool,uint8,bytes32,bytes32)",
          "removeLiquidityETHWithPermit(address,uint256,uint256,uint256,address,uint256,bool,uint8,bytes32,bytes32)",
          "swapExactTokensForTokens(uint256,uint256,address[],address,uint256)",
          "swapTokensForExactTokens(uint256,uint256,address[],address,uint256)",
          "swapExactETHForTokens(uint256,address[],address,uint256)",
          "swapTokensForExactETH(uint256,uint256,address[],address,uint256)",
          "swapExactTokensForETH(uint256,uint256,address[],address,uint256)",
          "swapETHForExactTokens(uint256,address[],address,uint256)",
          "quote(uint256,uint256,uint256)",
          "getAmountOut(uint256,uint256,uint256)",
          "getAmountIn(uint256,uint256,uint256)",
          "getAmountsOut(uint256,address[])",
          "getAmountsIn(uint256,address[])"
        ],
        "linkReferences": [],
        "errors": [],
        "layout": {
          "storage": [],
          "types": {},
          "layoutVersion": "1.1"
        }
      },
      "IReserve": {
        "src": "contracts\\interfaces\\IReserve.sol:6",
        "inherit": [],
        "libraries": [],
        "methods": [
          "transferAnyBEP20(address,address,uint256)",
          "avblMarketReserves(bytes32)",
          "marketReserves(bytes32)",
          "marketUtilisation(bytes32)",
          "collateralTransfer(address,bytes32,bytes32)",
          "pauseReserve()",
          "unpauseReserve()",
          "isPausedReserve()"
        ],
        "linkReferences": [],
        "errors": [],
        "layout": {
          "storage": [],
          "types": {},
          "layoutVersion": "1.1"
        }
      },
      "ITokenList": {
        "src": "contracts\\interfaces\\ITokenList.sol:4",
        "inherit": [],
        "libraries": [],
        "methods": [
          "isMarketSupported(bytes32)",
          "getMarketAddress(bytes32)",
          "getMarketDecimal(bytes32)",
          "addMarketSupport(bytes32,uint256,address,uint256)",
          "minAmountCheck(bytes32,uint256)",
          "removeMarketSupport(bytes32)",
          "updateMarketSupport(bytes32,uint256,address)",
          "isMarket2Supported(bytes32)",
          "getMarket2Address(bytes32)",
          "getMarket2Decimal(bytes32)",
          "addMarket2Support(bytes32,uint256,address)",
          "removeMarket2Support(bytes32)",
          "updateMarket2Support(bytes32,uint256,address)",
          "pauseTokenList()",
          "unpauseTokenList()",
          "isPausedTokenList()"
        ],
        "linkReferences": [],
        "errors": [],
        "layout": {
          "storage": [],
          "types": {},
          "layoutVersion": "1.1"
        }
      },
      "LibDiamond": {
        "src": "contracts\\libraries\\LibDiamond.sol:14",
        "version": {
          "withMetadata": "94c5dc7ab1f2dc29ab1d32dc38de0fcf27e98957055e9f6b8c8853d5a272eb3f",
          "withoutMetadata": "a64c6cf9c6ba9368f5132c93a0196b3204a7963dbb4dd05dfddb4ab23126b8db",
          "linkedWithoutMetadata": "a64c6cf9c6ba9368f5132c93a0196b3204a7963dbb4dd05dfddb4ab23126b8db"
        },
        "inherit": [],
        "libraries": [
          "LibOpen"
        ],
        "methods": [],
        "linkReferences": [],
        "errors": [
          {
            "kind": "delegatecall",
            "src": "contracts\\libraries\\LibDiamond.sol:145"
          }
        ],
        "layout": {
          "storage": [],
          "types": {},
          "layoutVersion": "1.1"
        }
      },
      "LibOpen": {
        "src": "contracts\\libraries\\LibOpen.sol:23",
        "version": {
          "withMetadata": "bcd7234ad15817b2ca9becf953b74b537842cf2c3837c89ff34d03a9541e998e",
          "withoutMetadata": "a64c6cf9c6ba9368f5132c93a0196b3204a7963dbb4dd05dfddb4ab23126b8db",
          "linkedWithoutMetadata": "a64c6cf9c6ba9368f5132c93a0196b3204a7963dbb4dd05dfddb4ab23126b8db"
        },
        "inherit": [],
        "libraries": [
          "Address"
        ],
        "methods": [],
        "linkReferences": [],
        "errors": [],
        "layout": {
          "storage": [],
          "types": {},
          "layoutVersion": "1.1"
        }
      },
      "MockBep20": {
        "src": "contracts\\mockup\\MockBep20.sol:143",
        "version": {
          "withMetadata": "aae4256affd3446f339b23deca1f9214aa3c9d3dfde5074a428283995d4f92ee",
          "withoutMetadata": "2d0945b894bfe18db96b5e235c7c23c03cc71acbed82a4d94e9167ed43813190",
          "linkedWithoutMetadata": "2d0945b894bfe18db96b5e235c7c23c03cc71acbed82a4d94e9167ed43813190"
        },
        "inherit": [
          "IBEP20",
          "Context"
        ],
        "libraries": [
          "SafeMath"
        ],
        "methods": [
          "()",
          "getOwner()",
          "decimals()",
          "symbol()",
          "name()",
          "totalSupply()",
          "balanceOf(address)",
          "transfer(address,uint256)",
          "allowance(address,address)",
          "approve(address,uint256)",
          "approveFrom(address,address,uint256)",
          "transferFrom(address,address,uint256)",
          "increaseAllowance(address,uint256)",
          "decreaseAllowance(address,uint256)",
          "mint(uint256)",
          "pauseState()"
        ],
        "linkReferences": [],
        "errors": [
          {
            "kind": "constructor",
            "contract": "MockBep20",
            "src": "contracts\\mockup\\MockBep20.sol:159"
          }
        ],
        "layout": {
          "storage": [
            {
              "contract": "MockBep20",
              "label": "_balances",
              "type": "t_mapping(t_address,t_uint256)",
              "src": "contracts\\mockup\\MockBep20.sol:146"
            },
            {
              "contract": "MockBep20",
              "label": "_allowances",
              "type": "t_mapping(t_address,t_mapping(t_address,t_uint256))",
              "src": "contracts\\mockup\\MockBep20.sol:148"
            },
            {
              "contract": "MockBep20",
              "label": "adminBepToken",
              "type": "t_address",
              "src": "contracts\\mockup\\MockBep20.sol:150"
            },
            {
              "contract": "MockBep20",
              "label": "_totalSupply",
              "type": "t_uint256",
              "src": "contracts\\mockup\\MockBep20.sol:151"
            },
            {
              "contract": "MockBep20",
              "label": "_decimals",
              "type": "t_uint8",
              "src": "contracts\\mockup\\MockBep20.sol:152"
            },
            {
              "contract": "MockBep20",
              "label": "_symbol",
              "type": "t_string_storage",
              "src": "contracts\\mockup\\MockBep20.sol:153"
            },
            {
              "contract": "MockBep20",
              "label": "_name",
              "type": "t_string_storage",
              "src": "contracts\\mockup\\MockBep20.sol:154"
            }
          ],
          "types": {
            "t_mapping(t_address,t_uint256)": {
              "label": "mapping(address => uint256)"
            },
            "t_address": {
              "label": "address"
            },
            "t_uint256": {
              "label": "uint256"
            },
            "t_mapping(t_address,t_mapping(t_address,t_uint256))": {
              "label": "mapping(address => mapping(address => uint256))"
            },
            "t_uint8": {
              "label": "uint8"
            },
            "t_string_storage": {
              "label": "string"
            }
          },
          "layoutVersion": "1.1"
        }
      },
      "SafeMath": {
        "src": "contracts\\mockup\\tWBNB.sol:7",
        "version": {
          "withMetadata": "0639b003ebdf04fbfa18d144b2845b4530c2a6f7065e74c62acfe126c9617e18",
          "withoutMetadata": "a64c6cf9c6ba9368f5132c93a0196b3204a7963dbb4dd05dfddb4ab23126b8db",
          "linkedWithoutMetadata": "a64c6cf9c6ba9368f5132c93a0196b3204a7963dbb4dd05dfddb4ab23126b8db"
        },
        "inherit": [],
        "libraries": [],
        "methods": [],
        "linkReferences": [],
        "errors": [],
        "layout": {
          "storage": [],
          "types": {},
          "layoutVersion": "1.1"
        }
      },
      "tBTC": {
        "src": "contracts\\mockup\\tBTC.sol:144",
        "version": {
          "withMetadata": "ef946abbab41b3391623875ce986fb6a9990a1073219d76c6d5df6dfe2500498",
          "withoutMetadata": "ef946abbab41b3391623875ce986fb6a9990a1073219d76c6d5df6dfe2500498",
          "linkedWithoutMetadata": "ef946abbab41b3391623875ce986fb6a9990a1073219d76c6d5df6dfe2500498"
        },
        "inherit": [
          "IBEP20",
          "Context"
        ],
        "libraries": [
          "SafeMath"
        ],
        "methods": [
          "(address)",
          "getOwner()",
          "decimals()",
          "symbol()",
          "name()",
          "totalSupply()",
          "balanceOf(address)",
          "transfer(address,uint256)",
          "allowance(address,address)",
          "approve(address,uint256)",
          "approveFrom(address,address,uint256)",
          "transferFrom(address,address,uint256)",
          "increaseAllowance(address,uint256)",
          "decreaseAllowance(address,uint256)",
          "mint(uint256)",
          "pauseState()"
        ],
        "linkReferences": [],
        "errors": [
          {
            "kind": "constructor",
            "contract": "tBTC",
            "src": "contracts\\mockup\\tBTC.sol:160"
          }
        ],
        "layout": {
          "storage": [
            {
              "contract": "tBTC",
              "label": "_balances",
              "type": "t_mapping(t_address,t_uint256)",
              "src": "contracts\\mockup\\tBTC.sol:147"
            },
            {
              "contract": "tBTC",
              "label": "_allowances",
              "type": "t_mapping(t_address,t_mapping(t_address,t_uint256))",
              "src": "contracts\\mockup\\tBTC.sol:149"
            },
            {
              "contract": "tBTC",
              "label": "admintBTC",
              "type": "t_address",
              "src": "contracts\\mockup\\tBTC.sol:151"
            },
            {
              "contract": "tBTC",
              "label": "_totalSupply",
              "type": "t_uint256",
              "src": "contracts\\mockup\\tBTC.sol:152"
            },
            {
              "contract": "tBTC",
              "label": "_decimals",
              "type": "t_uint8",
              "src": "contracts\\mockup\\tBTC.sol:153"
            },
            {
              "contract": "tBTC",
              "label": "_symbol",
              "type": "t_string_storage",
              "src": "contracts\\mockup\\tBTC.sol:154"
            },
            {
              "contract": "tBTC",
              "label": "_name",
              "type": "t_string_storage",
              "src": "contracts\\mockup\\tBTC.sol:155"
            }
          ],
          "types": {
            "t_mapping(t_address,t_uint256)": {
              "label": "mapping(address => uint256)"
            },
            "t_address": {
              "label": "address"
            },
            "t_uint256": {
              "label": "uint256"
            },
            "t_mapping(t_address,t_mapping(t_address,t_uint256))": {
              "label": "mapping(address => mapping(address => uint256))"
            },
            "t_uint8": {
              "label": "uint8"
            },
            "t_string_storage": {
              "label": "string"
            }
          },
          "layoutVersion": "1.1"
        }
      },
      "tCake": {
        "src": "contracts\\mockup\\tCake.sol:143",
        "version": {
          "withMetadata": "3fdb784cbf117bc9afe48823047ec41e5852610c9ec331578906034009379dc8",
          "withoutMetadata": "3fdb784cbf117bc9afe48823047ec41e5852610c9ec331578906034009379dc8",
          "linkedWithoutMetadata": "3fdb784cbf117bc9afe48823047ec41e5852610c9ec331578906034009379dc8"
        },
        "inherit": [
          "IBEP20",
          "Context"
        ],
        "libraries": [
          "SafeMath"
        ],
        "methods": [
          "(address)",
          "getOwner()",
          "decimals()",
          "symbol()",
          "name()",
          "totalSupply()",
          "balanceOf(address)",
          "transfer(address,uint256)",
          "allowance(address,address)",
          "approve(address,uint256)",
          "approveFrom(address,address,uint256)",
          "transferFrom(address,address,uint256)",
          "increaseAllowance(address,uint256)",
          "decreaseAllowance(address,uint256)",
          "mint(uint256)",
          "pauseState()"
        ],
        "linkReferences": [],
        "errors": [
          {
            "kind": "constructor",
            "contract": "tCake",
            "src": "contracts\\mockup\\tCake.sol:159"
          }
        ],
        "layout": {
          "storage": [
            {
              "contract": "tCake",
              "label": "_balances",
              "type": "t_mapping(t_address,t_uint256)",
              "src": "contracts\\mockup\\tCake.sol:146"
            },
            {
              "contract": "tCake",
              "label": "_allowances",
              "type": "t_mapping(t_address,t_mapping(t_address,t_uint256))",
              "src": "contracts\\mockup\\tCake.sol:148"
            },
            {
              "contract": "tCake",
              "label": "admintCake",
              "type": "t_address",
              "src": "contracts\\mockup\\tCake.sol:150"
            },
            {
              "contract": "tCake",
              "label": "_totalSupply",
              "type": "t_uint256",
              "src": "contracts\\mockup\\tCake.sol:151"
            },
            {
              "contract": "tCake",
              "label": "_decimals",
              "type": "t_uint8",
              "src": "contracts\\mockup\\tCake.sol:152"
            },
            {
              "contract": "tCake",
              "label": "_symbol",
              "type": "t_string_storage",
              "src": "contracts\\mockup\\tCake.sol:153"
            },
            {
              "contract": "tCake",
              "label": "_name",
              "type": "t_string_storage",
              "src": "contracts\\mockup\\tCake.sol:154"
            }
          ],
          "types": {
            "t_mapping(t_address,t_uint256)": {
              "label": "mapping(address => uint256)"
            },
            "t_address": {
              "label": "address"
            },
            "t_uint256": {
              "label": "uint256"
            },
            "t_mapping(t_address,t_mapping(t_address,t_uint256))": {
              "label": "mapping(address => mapping(address => uint256))"
            },
            "t_uint8": {
              "label": "uint8"
            },
            "t_string_storage": {
              "label": "string"
            }
          },
          "layoutVersion": "1.1"
        }
      },
      "tSxp": {
        "src": "contracts\\mockup\\tSxp.sol:143",
        "version": {
          "withMetadata": "e6d6c4fe9f9ca009426e3ef46f853b633ca706ac3926decf6725505febb8a23a",
          "withoutMetadata": "e6d6c4fe9f9ca009426e3ef46f853b633ca706ac3926decf6725505febb8a23a",
          "linkedWithoutMetadata": "e6d6c4fe9f9ca009426e3ef46f853b633ca706ac3926decf6725505febb8a23a"
        },
        "inherit": [
          "IBEP20",
          "Context"
        ],
        "libraries": [
          "SafeMath"
        ],
        "methods": [
          "(address)",
          "getOwner()",
          "decimals()",
          "symbol()",
          "name()",
          "totalSupply()",
          "balanceOf(address)",
          "transfer(address,uint256)",
          "allowance(address,address)",
          "approve(address,uint256)",
          "approveFrom(address,address,uint256)",
          "transferFrom(address,address,uint256)",
          "increaseAllowance(address,uint256)",
          "decreaseAllowance(address,uint256)",
          "mint(uint256)",
          "pauseState()"
        ],
        "linkReferences": [],
        "errors": [
          {
            "kind": "constructor",
            "contract": "tSxp",
            "src": "contracts\\mockup\\tSxp.sol:159"
          }
        ],
        "layout": {
          "storage": [
            {
              "contract": "tSxp",
              "label": "_balances",
              "type": "t_mapping(t_address,t_uint256)",
              "src": "contracts\\mockup\\tSxp.sol:146"
            },
            {
              "contract": "tSxp",
              "label": "_allowances",
              "type": "t_mapping(t_address,t_mapping(t_address,t_uint256))",
              "src": "contracts\\mockup\\tSxp.sol:148"
            },
            {
              "contract": "tSxp",
              "label": "admintSxp",
              "type": "t_address",
              "src": "contracts\\mockup\\tSxp.sol:150"
            },
            {
              "contract": "tSxp",
              "label": "_totalSupply",
              "type": "t_uint256",
              "src": "contracts\\mockup\\tSxp.sol:151"
            },
            {
              "contract": "tSxp",
              "label": "_decimals",
              "type": "t_uint8",
              "src": "contracts\\mockup\\tSxp.sol:152"
            },
            {
              "contract": "tSxp",
              "label": "_symbol",
              "type": "t_string_storage",
              "src": "contracts\\mockup\\tSxp.sol:153"
            },
            {
              "contract": "tSxp",
              "label": "_name",
              "type": "t_string_storage",
              "src": "contracts\\mockup\\tSxp.sol:154"
            }
          ],
          "types": {
            "t_mapping(t_address,t_uint256)": {
              "label": "mapping(address => uint256)"
            },
            "t_address": {
              "label": "address"
            },
            "t_uint256": {
              "label": "uint256"
            },
            "t_mapping(t_address,t_mapping(t_address,t_uint256))": {
              "label": "mapping(address => mapping(address => uint256))"
            },
            "t_uint8": {
              "label": "uint8"
            },
            "t_string_storage": {
              "label": "string"
            }
          },
          "layoutVersion": "1.1"
        }
      },
      "tUSDC": {
        "src": "contracts\\mockup\\tUSDC.sol:143",
        "version": {
          "withMetadata": "14c4f8c970a966322c6b50d14f5b0b190eea850ea8292e10bd2a9716b31eb149",
          "withoutMetadata": "14c4f8c970a966322c6b50d14f5b0b190eea850ea8292e10bd2a9716b31eb149",
          "linkedWithoutMetadata": "14c4f8c970a966322c6b50d14f5b0b190eea850ea8292e10bd2a9716b31eb149"
        },
        "inherit": [
          "IBEP20",
          "Context"
        ],
        "libraries": [
          "SafeMath"
        ],
        "methods": [
          "(address)",
          "getOwner()",
          "decimals()",
          "symbol()",
          "name()",
          "totalSupply()",
          "balanceOf(address)",
          "transfer(address,uint256)",
          "allowance(address,address)",
          "approve(address,uint256)",
          "approveFrom(address,address,uint256)",
          "transferFrom(address,address,uint256)",
          "increaseAllowance(address,uint256)",
          "decreaseAllowance(address,uint256)",
          "mint(uint256)",
          "pauseState()"
        ],
        "linkReferences": [],
        "errors": [
          {
            "kind": "constructor",
            "contract": "tUSDC",
            "src": "contracts\\mockup\\tUSDC.sol:159"
          }
        ],
        "layout": {
          "storage": [
            {
              "contract": "tUSDC",
              "label": "_balances",
              "type": "t_mapping(t_address,t_uint256)",
              "src": "contracts\\mockup\\tUSDC.sol:146"
            },
            {
              "contract": "tUSDC",
              "label": "_allowances",
              "type": "t_mapping(t_address,t_mapping(t_address,t_uint256))",
              "src": "contracts\\mockup\\tUSDC.sol:148"
            },
            {
              "contract": "tUSDC",
              "label": "admintUSDC",
              "type": "t_address",
              "src": "contracts\\mockup\\tUSDC.sol:150"
            },
            {
              "contract": "tUSDC",
              "label": "_totalSupply",
              "type": "t_uint256",
              "src": "contracts\\mockup\\tUSDC.sol:151"
            },
            {
              "contract": "tUSDC",
              "label": "_decimals",
              "type": "t_uint8",
              "src": "contracts\\mockup\\tUSDC.sol:152"
            },
            {
              "contract": "tUSDC",
              "label": "_symbol",
              "type": "t_string_storage",
              "src": "contracts\\mockup\\tUSDC.sol:153"
            },
            {
              "contract": "tUSDC",
              "label": "_name",
              "type": "t_string_storage",
              "src": "contracts\\mockup\\tUSDC.sol:154"
            }
          ],
          "types": {
            "t_mapping(t_address,t_uint256)": {
              "label": "mapping(address => uint256)"
            },
            "t_address": {
              "label": "address"
            },
            "t_uint256": {
              "label": "uint256"
            },
            "t_mapping(t_address,t_mapping(t_address,t_uint256))": {
              "label": "mapping(address => mapping(address => uint256))"
            },
            "t_uint8": {
              "label": "uint8"
            },
            "t_string_storage": {
              "label": "string"
            }
          },
          "layoutVersion": "1.1"
        }
      },
      "tUSDT": {
        "src": "contracts\\mockup\\tUSDT.sol:143",
        "version": {
          "withMetadata": "cbcae28c1254868601d39a175472194ddcfe3a0500152e80a059def4c350982f",
          "withoutMetadata": "cbcae28c1254868601d39a175472194ddcfe3a0500152e80a059def4c350982f",
          "linkedWithoutMetadata": "cbcae28c1254868601d39a175472194ddcfe3a0500152e80a059def4c350982f"
        },
        "inherit": [
          "IBEP20",
          "Context"
        ],
        "libraries": [
          "SafeMath"
        ],
        "methods": [
          "(address)",
          "getOwner()",
          "decimals()",
          "symbol()",
          "name()",
          "totalSupply()",
          "balanceOf(address)",
          "transfer(address,uint256)",
          "allowance(address,address)",
          "approve(address,uint256)",
          "approveFrom(address,address,uint256)",
          "transferFrom(address,address,uint256)",
          "increaseAllowance(address,uint256)",
          "decreaseAllowance(address,uint256)",
          "mint(uint256)",
          "pauseState()"
        ],
        "linkReferences": [],
        "errors": [
          {
            "kind": "constructor",
            "contract": "tUSDT",
            "src": "contracts\\mockup\\tUSDT.sol:159"
          }
        ],
        "layout": {
          "storage": [
            {
              "contract": "tUSDT",
              "label": "_balances",
              "type": "t_mapping(t_address,t_uint256)",
              "src": "contracts\\mockup\\tUSDT.sol:146"
            },
            {
              "contract": "tUSDT",
              "label": "_allowances",
              "type": "t_mapping(t_address,t_mapping(t_address,t_uint256))",
              "src": "contracts\\mockup\\tUSDT.sol:148"
            },
            {
              "contract": "tUSDT",
              "label": "admintUSDT",
              "type": "t_address",
              "src": "contracts\\mockup\\tUSDT.sol:150"
            },
            {
              "contract": "tUSDT",
              "label": "_totalSupply",
              "type": "t_uint256",
              "src": "contracts\\mockup\\tUSDT.sol:151"
            },
            {
              "contract": "tUSDT",
              "label": "_decimals",
              "type": "t_uint8",
              "src": "contracts\\mockup\\tUSDT.sol:152"
            },
            {
              "contract": "tUSDT",
              "label": "_symbol",
              "type": "t_string_storage",
              "src": "contracts\\mockup\\tUSDT.sol:153"
            },
            {
              "contract": "tUSDT",
              "label": "_name",
              "type": "t_string_storage",
              "src": "contracts\\mockup\\tUSDT.sol:154"
            }
          ],
          "types": {
            "t_mapping(t_address,t_uint256)": {
              "label": "mapping(address => uint256)"
            },
            "t_address": {
              "label": "address"
            },
            "t_uint256": {
              "label": "uint256"
            },
            "t_mapping(t_address,t_mapping(t_address,t_uint256))": {
              "label": "mapping(address => mapping(address => uint256))"
            },
            "t_uint8": {
              "label": "uint8"
            },
            "t_string_storage": {
              "label": "string"
            }
          },
          "layoutVersion": "1.1"
        }
      },
      "tWBNB": {
        "src": "contracts\\mockup\\tWBNB.sol:144",
        "version": {
          "withMetadata": "20084079efdf54b4f8b026d78a8e164945f9cc3cb1aa7db00eac1ff55a319ff3",
          "withoutMetadata": "20084079efdf54b4f8b026d78a8e164945f9cc3cb1aa7db00eac1ff55a319ff3",
          "linkedWithoutMetadata": "20084079efdf54b4f8b026d78a8e164945f9cc3cb1aa7db00eac1ff55a319ff3"
        },
        "inherit": [
          "IBEP20",
          "Context"
        ],
        "libraries": [
          "SafeMath"
        ],
        "methods": [
          "(address)",
          "getOwner()",
          "decimals()",
          "symbol()",
          "name()",
          "totalSupply()",
          "balanceOf(address)",
          "transfer(address,uint256)",
          "allowance(address,address)",
          "approve(address,uint256)",
          "approveFrom(address,address,uint256)",
          "transferFrom(address,address,uint256)",
          "increaseAllowance(address,uint256)",
          "decreaseAllowance(address,uint256)",
          "mint(uint256)",
          "pauseState()"
        ],
        "linkReferences": [],
        "errors": [
          {
            "kind": "constructor",
            "contract": "tWBNB",
            "src": "contracts\\mockup\\tWBNB.sol:160"
          }
        ],
        "layout": {
          "storage": [
            {
              "contract": "tWBNB",
              "label": "_balances",
              "type": "t_mapping(t_address,t_uint256)",
              "src": "contracts\\mockup\\tWBNB.sol:147"
            },
            {
              "contract": "tWBNB",
              "label": "_allowances",
              "type": "t_mapping(t_address,t_mapping(t_address,t_uint256))",
              "src": "contracts\\mockup\\tWBNB.sol:149"
            },
            {
              "contract": "tWBNB",
              "label": "adminWBNB",
              "type": "t_address",
              "src": "contracts\\mockup\\tWBNB.sol:151"
            },
            {
              "contract": "tWBNB",
              "label": "_totalSupply",
              "type": "t_uint256",
              "src": "contracts\\mockup\\tWBNB.sol:152"
            },
            {
              "contract": "tWBNB",
              "label": "_decimals",
              "type": "t_uint8",
              "src": "contracts\\mockup\\tWBNB.sol:153"
            },
            {
              "contract": "tWBNB",
              "label": "_symbol",
              "type": "t_string_storage",
              "src": "contracts\\mockup\\tWBNB.sol:154"
            },
            {
              "contract": "tWBNB",
              "label": "_name",
              "type": "t_string_storage",
              "src": "contracts\\mockup\\tWBNB.sol:155"
            }
          ],
          "types": {
            "t_mapping(t_address,t_uint256)": {
              "label": "mapping(address => uint256)"
            },
            "t_address": {
              "label": "address"
            },
            "t_uint256": {
              "label": "uint256"
            },
            "t_mapping(t_address,t_mapping(t_address,t_uint256))": {
              "label": "mapping(address => mapping(address => uint256))"
            },
            "t_uint8": {
              "label": "uint8"
            },
            "t_string_storage": {
              "label": "string"
            }
          },
          "layoutVersion": "1.1"
        }
      },
      "Address": {
        "src": "contracts\\util\\Address.sol:5",
        "version": {
          "withMetadata": "50621479a09fcc81f8c022dcff9e57aca5cfc1995f3db8e1820f7c065310c00c",
          "withoutMetadata": "a64c6cf9c6ba9368f5132c93a0196b3204a7963dbb4dd05dfddb4ab23126b8db",
          "linkedWithoutMetadata": "a64c6cf9c6ba9368f5132c93a0196b3204a7963dbb4dd05dfddb4ab23126b8db"
        },
        "inherit": [],
        "libraries": [],
        "methods": [],
        "linkReferences": [],
        "errors": [],
        "layout": {
          "storage": [],
          "types": {},
          "layoutVersion": "1.1"
        }
      },
      "Context": {
        "src": "contracts\\util\\Context.sol:4",
        "inherit": [],
        "libraries": [],
        "methods": [],
        "linkReferences": [],
        "errors": [],
        "layout": {
          "storage": [],
          "types": {},
          "layoutVersion": "1.1"
        }
      },
      "IBEP20": {
        "src": "contracts\\util\\IBEP20.sol:3",
        "inherit": [],
        "libraries": [],
        "methods": [
          "transfer(address,uint256)",
          "approve(address,uint256)",
          "approveFrom(address,address,uint256)",
          "allowance(address,address)",
          "increaseAllowance(address,uint256)",
          "decreaseAllowance(address,uint256)",
          "transferFrom(address,address,uint256)",
          "pauseState()",
          "balanceOf(address)"
        ],
        "linkReferences": [],
        "errors": [],
        "layout": {
          "storage": [],
          "types": {},
          "layoutVersion": "1.1"
        }
      },
      "Pausable": {
        "src": "contracts\\util\\Pausable.sol:7",
        "inherit": [
          "Context"
        ],
        "libraries": [],
        "methods": [],
        "linkReferences": [],
        "errors": [
          {
            "kind": "constructor",
            "contract": "Pausable",
            "src": "contracts\\util\\Pausable.sol:13"
          },
          {
            "kind": "state-variable-assignment",
            "name": "isReentrant",
            "src": "contracts\\util\\Pausable.sol:9"
          }
        ],
        "layout": {
          "storage": [
            {
              "contract": "Pausable",
              "label": "isReentrant",
              "type": "t_bool",
              "src": "contracts\\util\\Pausable.sol:9"
            },
            {
              "contract": "Pausable",
              "label": "isPaused",
              "type": "t_bool",
              "src": "contracts\\util\\Pausable.sol:10"
            }
          ],
          "types": {
            "t_bool": {
              "label": "bool"
            }
          },
          "layoutVersion": "1.1"
        }
      },
      "console": {
        "src": "hardhat\\console.sol:4",
        "version": {
          "withMetadata": "3c42d596c596dbb9f34a7f10e8e863eefb2fe0438f9f82eed3cb3d98080e0fac",
          "withoutMetadata": "a64c6cf9c6ba9368f5132c93a0196b3204a7963dbb4dd05dfddb4ab23126b8db",
          "linkedWithoutMetadata": "a64c6cf9c6ba9368f5132c93a0196b3204a7963dbb4dd05dfddb4ab23126b8db"
        },
        "inherit": [],
        "libraries": [],
        "methods": [],
        "linkReferences": [],
        "errors": [],
        "layout": {
          "storage": [],
          "types": {},
          "layoutVersion": "1.1"
        }
      }
    }
  ]
}